FechaHora,Nitrogeno,Fosforo,Potasio,Conductividad_Electrica,pH,Humedad,Temperatura
2023-01-01 03:00:00,183.22,68.89,251.83,0.92,6.63,70.11,25.56
2023-01-01 12:00:00,178.92,67.03,248.92,1.03,6.34,70.54,25.83
2023-01-01 21:00:00,179.4,70.55,250.71,1.59,6.56,65.44,21.41
2023-01-02 03:00:00,177.37,72.04,247.3,1.33,6.47,60.02,21.68
2023-01-02 12:00:00,176.98,69.26,247.67,0.94,6.52,67.05,22.41
2023-01-02 21:00:00,176.49,70.14,245.85,0.81,6.58,68.19,19.22
2023-01-03 03:00:00,173.27,69.18,247.41,1.04,6.56,73.9,19.17
2023-01-03 12:00:00,174.05,68.89,245.36,0.99,6.52,73.46,20.47
2023-01-03 21:00:00,175.79,71.1,248.03,0.97,6.66,69.14,22.65
2023-01-04 03:00:00,171.55,69.62,246.1,1.19,6.38,72.62,24.93
2023-01-04 12:00:00,171.13,69.42,245.87,1.04,6.32,65.02,25.55
2023-01-04 21:00:00,170.8,69.48,245.09,1.15,6.44,67.38,25.58
2023-01-05 03:00:00,170.77,69.41,243.26,1.06,6.53,69.91,21.47
2023-01-05 12:00:00,170.34,67.54,244.13,1.58,6.6,79.98,19.64
2023-01-05 21:00:00,170.74,69.0,245.37,0.72,6.46,63.52,19.5
2023-01-06 03:00:00,168.83,70.91,243.0,1.35,6.52,73.13,24.49
2023-01-06 12:00:00,167.24,69.87,241.38,0.57,6.54,73.6,24.09
2023-01-06 21:00:00,168.32,68.37,240.0,1.23,6.41,61.81,19.27
2023-01-07 03:00:00,166.81,69.1,240.67,0.83,6.53,71.25,23.98
2023-01-07 12:00:00,162.77,70.16,239.19,1.09,6.55,73.93,21.78
2023-01-07 21:00:00,168.23,69.15,241.47,1.43,6.64,69.24,23.73
2023-01-08 03:00:00,166.75,71.35,240.92,1.14,6.57,72.0,20.52
2023-01-08 12:00:00,163.05,69.01,238.8,1.24,6.52,67.54,19.18
2023-01-08 21:00:00,163.05,68.86,239.75,1.31,6.61,59.82,22.54
2023-01-09 03:00:00,163.88,67.41,238.12,1.06,6.64,56.28,25.14
2023-01-09 12:00:00,160.62,66.72,238.24,0.92,6.55,69.33,25.92
2023-01-09 21:00:00,161.47,69.5,238.31,1.1,6.49,73.32,23.59
2023-01-10 03:00:00,161.33,67.95,237.19,1.16,6.52,69.65,21.63
2023-01-10 12:00:00,157.48,67.5,237.47,1.16,6.53,73.45,22.27
2023-01-10 21:00:00,157.19,68.84,234.82,1.39,6.65,75.49,23.97
2023-01-11 03:00:00,158.57,67.53,236.29,0.94,6.58,77.38,22.33
2023-01-11 12:00:00,157.16,68.87,235.69,1.28,6.55,72.63,21.34
2023-01-11 21:00:00,157.1,68.3,232.99,0.83,6.71,81.79,22.66
2023-01-12 03:00:00,154.94,67.32,232.87,1.52,6.37,77.07,25.31
2023-01-12 12:00:00,154.28,68.19,232.29,1.14,6.47,75.93,23.92
2023-01-12 21:00:00,151.07,66.31,234.26,0.87,6.63,64.32,25.92
2023-01-13 03:00:00,151.63,68.28,233.55,1.05,6.65,70.93,23.12
2023-01-13 12:00:00,152.55,67.23,233.19,0.96,6.47,68.5,23.87
2023-01-13 21:00:00,152.85,67.68,230.96,0.59,6.51,78.36,22.02
2023-01-14 03:00:00,151.76,68.94,233.14,0.88,6.62,69.6,25.71
2023-01-14 12:00:00,150.12,67.61,232.58,1.31,6.65,74.11,19.75
2023-01-14 21:00:00,149.35,66.81,230.39,0.87,6.55,70.9,22.42
2023-01-15 03:00:00,149.58,68.45,231.87,1.26,6.72,72.93,23.89
2023-01-15 12:00:00,148.91,67.29,229.97,1.28,6.52,70.64,19.99
2023-01-15 21:00:00,149.93,68.54,228.07,1.31,6.59,72.86,22.87
2023-01-16 03:00:00,147.42,66.43,227.63,1.17,6.51,77.46,23.42
2023-01-16 12:00:00,144.34,66.83,229.79,0.94,6.55,75.92,28.18
2023-01-16 21:00:00,144.13,66.05,228.37,0.92,6.58,63.76,25.28
2023-01-17 03:00:00,147.51,65.64,228.93,1.14,6.63,67.3,21.5
2023-01-17 12:00:00,143.0,67.14,227.43,1.4,6.66,75.53,29.12
2023-01-17 21:00:00,145.23,66.24,227.39,1.31,6.53,70.75,19.83
2023-01-18 03:00:00,143.11,66.03,228.85,0.94,6.61,80.95,24.53
2023-01-18 12:00:00,142.51,66.9,227.78,0.87,6.82,71.92,28.37
2023-01-18 21:00:00,141.93,65.59,225.34,1.14,6.76,67.89,23.53
2023-01-19 03:00:00,143.43,66.54,225.59,1.23,6.58,74.78,20.73
2023-01-19 12:00:00,140.62,66.02,225.17,1.3,6.69,70.45,24.74
2023-01-19 21:00:00,140.1,68.44,225.18,1.13,6.77,69.47,25.16
2023-01-20 03:00:00,137.14,65.54,224.08,1.14,6.8,71.12,23.19
2023-01-20 12:00:00,139.01,64.94,223.05,0.89,6.72,77.53,25.82
2023-01-20 21:00:00,138.88,65.72,223.06,1.51,6.61,74.73,25.48
2023-01-21 03:00:00,137.8,66.38,222.11,1.15,6.63,77.6,23.9
2023-01-21 12:00:00,138.93,65.24,223.96,1.39,6.58,68.29,25.57
2023-01-21 21:00:00,136.27,65.52,222.98,1.14,6.51,78.36,25.53
2023-01-22 03:00:00,136.05,64.71,220.9,1.28,6.61,73.23,24.85
2023-01-22 12:00:00,137.62,65.1,221.12,1.22,6.78,70.51,22.42
2023-01-22 21:00:00,132.1,66.31,219.97,1.34,6.61,66.69,21.45
2023-01-23 03:00:00,133.09,66.78,221.18,1.07,6.57,79.64,22.86
2023-01-23 12:00:00,135.45,66.2,220.65,1.23,6.7,74.44,26.23
2023-01-23 21:00:00,133.95,66.73,219.72,1.14,6.46,76.04,26.02
2023-01-24 03:00:00,132.99,65.59,219.62,1.13,6.74,67.55,24.95
2023-01-24 12:00:00,132.52,66.31,218.91,1.42,6.48,74.11,24.99
2023-01-24 21:00:00,130.96,66.0,218.89,1.29,6.64,69.14,26.71
2023-01-25 03:00:00,132.2,65.49,217.71,0.97,6.68,76.09,23.58
2023-01-25 12:00:00,129.46,62.88,216.91,1.18,6.57,73.19,24.93
2023-01-25 21:00:00,128.72,65.2,215.82,1.13,6.67,61.25,26.99
2023-01-26 03:00:00,127.85,66.27,214.27,1.23,6.66,65.91,23.32
2023-01-26 12:00:00,127.3,64.39,215.6,0.98,6.84,74.05,25.57
2023-01-26 21:00:00,124.69,67.08,214.33,1.41,6.6,74.5,26.53
2023-01-27 03:00:00,126.97,65.98,214.73,1.25,6.47,72.32,24.59
2023-01-27 12:00:00,124.96,66.65,215.51,0.99,6.6,70.79,22.17
2023-01-27 21:00:00,127.18,66.85,214.01,1.11,6.73,74.04,23.09
2023-01-28 03:00:00,123.8,62.73,212.93,1.71,6.7,69.39,24.5
2023-01-28 12:00:00,123.72,65.87,212.01,1.63,6.65,74.77,24.82
2023-01-28 21:00:00,122.7,65.06,210.95,1.29,6.62,79.77,25.78
2023-01-29 03:00:00,120.9,65.98,213.35,1.44,6.72,72.56,24.44
2023-01-29 12:00:00,122.42,65.68,209.54,1.51,6.73,71.58,23.41
2023-01-29 21:00:00,122.86,64.01,209.92,0.96,6.54,75.92,29.47
2023-01-30 03:00:00,119.98,63.53,207.92,1.37,6.71,84.97,26.59
2023-01-30 12:00:00,119.55,63.46,209.56,1.2,6.57,68.26,25.8
2023-01-30 21:00:00,119.47,64.61,208.93,1.25,6.68,81.91,25.8
2023-01-31 03:00:00,117.16,63.4,208.35,1.17,6.62,78.6,23.48
2023-01-31 12:00:00,119.73,63.3,208.3,0.97,6.69,81.16,20.9
2023-01-31 21:00:00,120.38,63.64,207.14,1.26,6.74,81.87,24.11
2023-02-01 03:00:00,138.0,64.6,217.86,0.91,6.64,74.69,24.55
2023-02-01 12:00:00,137.19,63.37,220.46,1.13,6.96,77.8,24.56
2023-02-01 21:00:00,134.53,65.24,217.9,1.49,6.51,74.75,26.72
2023-02-02 03:00:00,134.1,63.26,218.82,1.42,6.69,66.08,21.69
2023-02-02 12:00:00,135.64,65.49,216.66,1.16,6.77,72.57,25.51
2023-02-02 21:00:00,132.93,62.94,218.94,1.54,6.65,78.46,23.42
2023-02-03 03:00:00,131.86,63.75,218.47,1.15,6.59,79.51,27.17
2023-02-03 12:00:00,134.11,64.01,216.75,1.09,6.67,72.75,25.06
2023-02-03 21:00:00,132.8,62.83,215.0,1.73,6.66,69.27,28.71
2023-02-04 03:00:00,130.87,63.03,215.9,1.41,6.49,79.25,24.99
2023-02-04 12:00:00,129.53,64.0,215.43,1.41,6.9,81.21,27.21
2023-02-04 21:00:00,126.74,63.19,215.24,1.46,6.83,76.43,23.9
2023-02-05 03:00:00,130.21,63.04,213.61,1.39,6.49,76.76,26.68
2023-02-05 12:00:00,127.21,63.15,212.48,1.14,6.48,75.25,27.51
2023-02-05 21:00:00,125.1,63.73,213.87,1.15,6.55,71.91,22.98
2023-02-06 03:00:00,129.94,62.63,213.24,1.36,6.67,74.49,23.55
2023-02-06 12:00:00,127.76,65.22,212.92,1.39,6.72,77.84,25.6
2023-02-06 21:00:00,124.36,61.47,213.73,1.48,6.68,70.78,23.44
2023-02-07 03:00:00,123.48,63.44,210.8,1.28,6.83,83.39,24.2
2023-02-07 12:00:00,125.94,63.19,213.06,1.67,6.66,75.2,23.75
2023-02-07 21:00:00,122.86,62.93,210.88,1.04,6.7,63.43,22.41
2023-02-08 03:00:00,125.35,61.78,210.78,1.69,6.76,80.28,24.97
2023-02-08 12:00:00,123.8,63.85,209.97,1.59,6.7,69.98,25.35
2023-02-08 21:00:00,123.03,61.4,210.53,1.37,6.54,71.4,23.51
2023-02-09 03:00:00,122.17,63.64,208.07,1.37,6.72,72.93,24.92
2023-02-09 12:00:00,121.31,62.95,209.14,1.26,6.78,75.24,22.23
2023-02-09 21:00:00,121.71,62.45,208.82,1.15,6.57,76.75,23.26
2023-02-10 03:00:00,119.32,61.62,210.2,1.23,6.75,68.63,23.44
2023-02-10 12:00:00,120.13,62.15,208.72,1.4,6.84,76.32,24.59
2023-02-10 21:00:00,121.13,60.39,208.86,1.77,6.61,76.94,24.01
2023-02-11 03:00:00,120.84,63.45,207.85,1.5,6.64,68.38,25.7
2023-02-11 12:00:00,118.21,62.9,206.4,1.04,6.58,73.27,23.19
2023-02-11 21:00:00,119.25,63.24,208.09,1.13,6.77,82.13,26.83
2023-02-12 03:00:00,120.38,61.4,205.86,1.52,6.7,77.51,24.35
2023-02-12 12:00:00,119.39,61.98,205.72,1.34,6.7,83.73,29.0
2023-02-12 21:00:00,122.66,63.17,206.09,1.13,6.79,80.04,25.14
2023-02-13 03:00:00,119.41,62.75,206.59,1.15,6.8,80.66,26.28
2023-02-13 12:00:00,119.76,63.62,204.97,1.1,6.69,66.48,25.59
2023-02-13 21:00:00,121.15,62.87,206.43,1.69,6.73,81.15,24.5
2023-02-14 03:00:00,120.5,62.73,203.85,1.33,6.78,74.94,23.72
2023-02-14 12:00:00,119.78,62.47,204.79,1.34,6.72,76.09,23.91
2023-02-14 21:00:00,118.87,63.75,203.87,1.28,6.68,77.03,26.9
2023-02-15 03:00:00,120.45,61.73,205.09,1.23,6.56,77.24,25.54
2023-02-15 12:00:00,121.56,61.5,203.28,1.05,6.42,81.44,25.31
2023-02-15 21:00:00,120.72,62.14,200.64,1.42,6.78,77.55,25.07
2023-02-16 03:00:00,118.83,62.06,203.26,1.62,6.73,87.05,25.06
2023-02-16 12:00:00,122.61,61.79,201.75,1.29,6.77,78.2,23.66
2023-02-16 21:00:00,117.83,62.91,200.85,1.43,6.73,77.45,26.59
2023-02-17 03:00:00,117.63,62.35,202.31,1.59,6.55,86.27,29.89
2023-02-17 12:00:00,121.44,61.36,200.35,1.53,6.87,74.63,27.61
2023-02-17 21:00:00,120.34,64.1,200.93,1.21,6.93,71.4,22.04
2023-02-18 03:00:00,119.18,61.2,199.08,1.3,6.61,88.98,25.76
2023-02-18 12:00:00,118.35,62.35,198.73,1.4,6.69,75.55,26.73
2023-02-18 21:00:00,123.48,60.79,201.13,1.71,6.49,77.26,25.65
2023-02-19 03:00:00,120.18,61.06,198.1,1.62,6.64,86.08,28.33
2023-02-19 12:00:00,120.8,61.21,197.99,1.35,6.77,77.4,25.35
2023-02-19 21:00:00,120.48,63.47,196.57,1.0,6.79,72.14,24.11
2023-02-20 03:00:00,120.65,61.58,199.75,1.37,6.68,69.7,29.26
2023-02-20 12:00:00,120.81,61.62,198.1,1.21,6.66,76.92,26.19
2023-02-20 21:00:00,121.1,59.87,197.52,1.57,6.78,84.4,25.48
2023-02-21 03:00:00,119.44,61.56,197.93,1.21,6.69,76.93,23.68
2023-02-21 12:00:00,119.56,60.18,195.25,1.25,6.61,71.87,27.81
2023-02-21 21:00:00,117.39,60.51,195.65,1.4,6.72,74.2,28.75
2023-02-22 03:00:00,118.83,61.62,195.76,1.37,6.62,76.69,25.41
2023-02-22 12:00:00,120.41,60.61,193.83,1.22,6.87,79.61,24.68
2023-02-22 21:00:00,121.57,62.62,196.39,1.7,6.59,77.3,25.15
2023-02-23 03:00:00,120.9,62.33,194.52,1.18,6.71,73.28,23.24
2023-02-23 12:00:00,119.49,61.12,193.69,0.78,6.61,78.79,28.62
2023-02-23 21:00:00,118.11,60.94,193.91,1.05,6.63,74.75,26.0
2023-02-24 03:00:00,115.83,60.63,192.48,1.44,6.81,75.2,26.01
2023-02-24 12:00:00,121.73,61.09,193.03,1.39,6.78,78.58,29.09
2023-02-24 21:00:00,119.12,61.19,196.14,1.07,6.87,77.67,24.5
2023-02-25 03:00:00,119.33,60.38,192.89,1.03,6.71,75.59,25.26
2023-02-25 12:00:00,120.2,59.37,193.77,1.41,6.87,71.97,25.85
2023-02-25 21:00:00,117.89,60.81,191.22,1.7,6.76,72.04,28.12
2023-02-26 03:00:00,119.48,60.67,190.47,1.5,6.69,77.01,29.14
2023-02-26 12:00:00,123.04,59.72,191.16,1.25,6.62,78.01,27.96
2023-02-26 21:00:00,120.76,60.32,189.03,1.5,6.83,80.02,27.6
2023-02-27 03:00:00,120.54,59.48,187.77,1.25,6.8,74.36,27.26
2023-02-27 12:00:00,117.63,60.91,190.79,0.96,6.87,78.76,20.57
2023-02-27 21:00:00,123.37,60.4,190.41,1.48,6.74,73.55,25.4
2023-02-28 03:00:00,117.87,60.39,190.24,1.47,6.77,73.93,24.78
2023-02-28 12:00:00,122.88,60.92,189.12,1.61,6.76,82.22,28.82
2023-02-28 21:00:00,116.83,62.41,190.85,1.57,6.73,80.94,25.13
2023-03-01 03:00:00,138.83,63.87,199.71,1.42,6.84,76.7,30.39
2023-03-01 12:00:00,138.87,64.41,198.99,1.58,6.78,83.16,25.53
2023-03-01 21:00:00,134.91,64.91,196.18,1.26,6.76,84.48,24.49
2023-03-02 03:00:00,136.46,63.63,199.08,1.15,6.66,73.04,29.19
2023-03-02 12:00:00,136.34,64.65,199.7,1.07,6.82,81.69,26.66
2023-03-02 21:00:00,134.06,64.98,198.54,1.29,6.73,85.59,26.89
2023-03-03 03:00:00,132.82,63.65,199.46,1.56,6.71,77.42,28.52
2023-03-03 12:00:00,132.84,66.59,200.54,1.61,6.8,74.93,25.95
2023-03-03 21:00:00,135.26,61.74,197.77,1.27,6.93,74.06,25.01
2023-03-04 03:00:00,134.1,62.74,198.99,1.53,6.91,83.46,27.99
2023-03-04 12:00:00,133.13,62.29,195.83,1.56,6.71,81.52,25.71
2023-03-04 21:00:00,135.1,64.69,198.37,1.62,6.69,83.62,25.46
2023-03-05 03:00:00,134.13,63.74,197.09,1.52,6.82,74.1,25.04
2023-03-05 12:00:00,131.81,62.63,196.53,1.25,6.72,76.38,26.34
2023-03-05 21:00:00,130.9,64.22,196.3,1.42,6.76,76.88,25.21
2023-03-06 03:00:00,133.14,63.05,196.1,1.24,6.54,81.88,28.2
2023-03-06 12:00:00,131.23,66.09,195.65,1.2,6.75,79.0,26.18
2023-03-06 21:00:00,131.93,62.77,195.98,1.74,6.82,74.54,27.14
2023-03-07 03:00:00,133.79,64.41,195.29,1.58,6.72,79.25,23.77
2023-03-07 12:00:00,131.86,62.18,194.02,1.46,6.73,78.13,28.13
2023-03-07 21:00:00,129.44,63.77,195.48,1.27,6.8,80.45,27.85
2023-03-08 03:00:00,130.59,62.71,194.25,1.35,6.76,74.22,28.09
2023-03-08 12:00:00,128.46,61.78,195.77,1.45,6.81,86.04,29.56
2023-03-08 21:00:00,131.88,60.96,194.42,1.64,6.76,76.08,27.32
2023-03-09 03:00:00,128.33,62.79,194.32,1.58,6.77,78.02,27.88
2023-03-09 12:00:00,129.17,64.08,191.81,1.46,6.72,88.83,27.29
2023-03-09 21:00:00,128.92,63.06,192.43,1.63,6.87,74.73,25.63
2023-03-10 03:00:00,128.33,61.5,194.46,1.33,6.85,79.31,26.34
2023-03-10 12:00:00,124.79,64.45,192.48,1.83,6.79,85.74,26.35
2023-03-10 21:00:00,125.33,63.38,192.49,1.58,6.86,86.12,28.64
2023-03-11 03:00:00,126.5,63.73,192.5,1.0,6.78,82.02,24.93
2023-03-11 12:00:00,127.38,63.35,194.01,1.35,6.76,74.05,23.06
2023-03-11 21:00:00,126.35,65.52,192.71,1.4,6.91,68.47,28.63
2023-03-12 03:00:00,124.8,63.02,193.49,1.81,6.77,85.94,28.28
2023-03-12 12:00:00,123.83,61.96,191.62,1.46,6.89,74.85,25.75
2023-03-12 21:00:00,124.9,63.91,191.88,1.47,6.86,72.38,23.86
2023-03-13 03:00:00,124.43,60.46,190.18,1.67,6.82,89.62,24.46
2023-03-13 12:00:00,125.6,63.02,192.46,1.71,6.85,69.31,28.49
2023-03-13 21:00:00,124.08,62.28,191.06,1.06,6.75,79.4,26.87
2023-03-14 03:00:00,125.17,63.99,190.75,1.59,6.82,71.35,29.18
2023-03-14 12:00:00,123.05,62.67,190.8,1.21,6.82,81.69,25.41
2023-03-14 21:00:00,123.21,61.8,191.77,1.45,6.77,79.73,26.07
2023-03-15 03:00:00,122.6,62.72,189.75,1.41,6.82,84.08,25.75
2023-03-15 12:00:00,121.62,61.17,191.46,1.66,6.62,79.3,27.42
2023-03-15 21:00:00,123.47,64.46,188.55,2.07,6.8,79.69,29.06
2023-03-16 03:00:00,121.01,62.25,189.69,1.16,6.76,76.78,28.28
2023-03-16 12:00:00,121.15,63.17,191.13,1.58,6.69,78.78,30.37
2023-03-16 21:00:00,121.47,61.75,188.25,1.73,6.71,83.55,26.65
2023-03-17 03:00:00,119.4,62.85,188.82,1.44,6.62,67.9,29.3
2023-03-17 12:00:00,120.53,62.26,189.26,1.35,6.77,75.16,26.96
2023-03-17 21:00:00,119.62,64.34,187.88,1.84,6.88,76.48,23.13
2023-03-18 03:00:00,119.76,60.75,186.13,1.41,6.69,87.1,30.76
2023-03-18 12:00:00,119.97,61.84,186.31,1.41,6.67,76.0,26.36
2023-03-18 21:00:00,118.8,61.7,187.75,1.5,6.92,79.78,26.53
2023-03-19 03:00:00,119.67,60.9,187.9,1.39,6.63,81.16,27.9
2023-03-19 12:00:00,121.96,62.02,187.53,1.61,6.81,88.76,23.04
2023-03-19 21:00:00,119.96,63.02,187.7,1.26,6.86,73.64,28.73
2023-03-20 03:00:00,121.72,61.32,186.39,1.34,6.8,72.37,28.56
2023-03-20 12:00:00,120.52,62.04,186.32,1.41,6.73,77.12,27.12
2023-03-20 21:00:00,121.16,62.5,184.27,1.64,6.9,89.95,27.89
2023-03-21 03:00:00,118.84,62.57,186.0,1.62,6.57,82.07,26.49
2023-03-21 12:00:00,120.16,61.42,186.1,1.78,6.79,80.06,28.43
2023-03-21 21:00:00,120.2,59.4,184.58,1.43,6.78,80.75,28.72
2023-03-22 03:00:00,119.08,61.44,185.63,1.56,6.8,75.75,27.3
2023-03-22 12:00:00,118.77,64.05,182.81,1.74,6.72,74.42,29.66
2023-03-22 21:00:00,117.76,60.86,185.27,1.5,6.67,83.26,24.94
2023-03-23 03:00:00,122.24,60.71,184.6,1.66,6.65,86.93,24.95
2023-03-23 12:00:00,118.54,62.0,186.33,1.27,6.81,82.08,21.97
2023-03-23 21:00:00,122.02,61.77,185.35,1.66,6.81,79.48,28.47
2023-03-24 03:00:00,119.3,61.0,185.24,1.54,6.74,74.42,26.77
2023-03-24 12:00:00,118.71,61.67,184.38,1.4,6.72,77.7,25.23
2023-03-24 21:00:00,120.93,61.49,183.99,1.27,6.7,88.26,28.22
2023-03-25 03:00:00,119.05,62.02,181.89,1.49,6.79,65.28,26.46
2023-03-25 12:00:00,120.85,62.06,182.52,1.6,6.64,88.32,27.42
2023-03-25 21:00:00,119.5,60.43,184.53,1.55,6.71,79.18,28.7
2023-03-26 03:00:00,120.72,62.27,180.83,1.48,6.71,78.08,28.31
2023-03-26 12:00:00,118.55,61.28,181.69,1.71,6.87,80.62,30.22
2023-03-26 21:00:00,121.25,60.81,180.41,1.71,6.92,78.84,28.47
2023-03-27 03:00:00,120.73,62.55,183.18,1.33,6.98,67.44,25.4
2023-03-27 12:00:00,118.62,61.38,180.85,1.46,6.93,76.93,25.36
2023-03-27 21:00:00,123.96,61.01,182.86,1.42,6.78,83.59,24.23
2023-03-28 03:00:00,120.81,61.07,180.53,1.53,6.79,85.99,26.17
2023-03-28 12:00:00,123.44,61.87,180.23,1.49,6.65,74.78,29.04
2023-03-28 21:00:00,122.4,61.47,181.85,1.64,6.62,78.74,23.95
2023-03-29 03:00:00,119.72,61.95,181.22,1.29,6.84,73.03,26.02
2023-03-29 12:00:00,119.38,59.29,177.06,1.56,6.97,79.59,28.22
2023-03-29 21:00:00,119.39,62.37,180.08,2.09,6.97,84.88,28.63
2023-03-30 03:00:00,117.25,61.06,179.97,1.11,6.67,78.95,27.25
2023-03-30 12:00:00,118.96,61.7,179.4,1.47,6.82,77.51,28.14
2023-03-30 21:00:00,120.37,62.56,178.29,1.26,6.71,71.63,31.21
2023-03-31 03:00:00,122.29,62.51,178.8,1.54,6.81,81.07,28.79
2023-03-31 12:00:00,118.84,59.6,178.05,1.69,6.77,76.63,25.42
2023-03-31 21:00:00,121.32,62.07,178.49,1.56,6.81,78.91,24.2
2023-04-01 03:00:00,135.03,65.02,189.02,1.79,6.74,75.5,27.65
2023-04-01 12:00:00,135.92,65.79,188.36,1.61,6.71,73.76,28.59
2023-04-01 21:00:00,136.08,63.02,189.01,1.76,6.88,79.11,26.17
2023-04-02 03:00:00,137.19,63.61,189.45,1.53,6.74,76.7,28.42
2023-04-02 12:00:00,137.22,64.89,188.68,1.31,6.76,85.99,26.92
2023-04-02 21:00:00,137.9,63.64,187.64,1.57,6.78,72.03,23.59
2023-04-03 03:00:00,137.52,64.14,188.3,1.53,6.67,76.04,28.17
2023-04-03 12:00:00,136.63,66.01,188.95,1.54,6.76,76.89,24.98
2023-04-03 21:00:00,136.76,66.84,189.31,1.67,6.73,71.7,28.45
2023-04-04 03:00:00,138.5,64.27,188.65,1.36,6.74,82.17,28.89
2023-04-04 12:00:00,135.22,65.44,187.78,1.52,6.8,67.12,28.01
2023-04-04 21:00:00,137.06,64.58,185.93,1.35,6.61,76.87,30.29
2023-04-05 03:00:00,133.07,65.36,185.39,1.67,6.85,81.67,28.02
2023-04-05 12:00:00,136.32,64.91,186.4,1.37,6.75,85.35,27.64
2023-04-05 21:00:00,134.86,63.03,185.02,1.57,6.85,72.56,28.02
2023-04-06 03:00:00,135.49,65.66,185.5,1.26,6.83,78.5,27.31
2023-04-06 12:00:00,136.94,63.36,186.0,1.49,6.91,78.42,30.82
2023-04-06 21:00:00,135.55,62.88,185.47,1.57,6.78,86.37,28.36
2023-04-07 03:00:00,136.52,65.48,185.44,1.71,6.69,87.22,32.33
2023-04-07 12:00:00,137.29,63.83,184.2,1.59,6.89,75.42,24.46
2023-04-07 21:00:00,135.55,65.04,185.59,1.63,6.91,75.58,27.1
2023-04-08 03:00:00,136.64,64.7,186.21,1.46,6.76,76.72,25.75
2023-04-08 12:00:00,134.31,63.1,184.35,1.49,6.74,67.12,28.38
2023-04-08 21:00:00,134.65,62.4,185.4,1.41,6.87,81.16,26.67
2023-04-09 03:00:00,133.81,65.89,187.22,1.55,6.77,82.8,27.61
2023-04-09 12:00:00,136.06,64.75,184.15,1.6,6.89,85.44,26.28
2023-04-09 21:00:00,135.01,65.54,184.77,1.61,6.92,76.18,27.65
2023-04-10 03:00:00,133.53,63.79,184.1,1.59,6.81,90.39,26.02
2023-04-10 12:00:00,134.42,65.26,184.67,1.75,6.9,73.18,27.53
2023-04-10 21:00:00,135.66,65.71,181.63,1.45,6.9,73.41,27.88
2023-04-11 03:00:00,133.94,63.62,182.07,1.84,6.87,85.68,27.19
2023-04-11 12:00:00,132.51,63.56,183.08,1.54,6.64,75.12,28.06
2023-04-11 21:00:00,134.0,63.91,183.64,1.35,6.78,79.87,28.29
2023-04-12 03:00:00,130.75,63.74,182.61,1.56,6.77,80.77,26.12
2023-04-12 12:00:00,134.79,60.96,180.43,1.48,6.75,80.79,28.26
2023-04-12 21:00:00,132.9,62.73,181.04,1.49,6.67,81.82,27.91
2023-04-13 03:00:00,132.74,64.0,180.87,1.68,6.71,76.5,29.36
2023-04-13 12:00:00,134.69,63.99,181.85,1.37,6.88,79.15,27.12
2023-04-13 21:00:00,131.26,63.92,180.4,1.29,6.83,65.6,28.3
2023-04-14 03:00:00,136.12,63.31,180.22,1.53,6.76,81.88,25.56
2023-04-14 12:00:00,132.39,61.46,181.83,1.36,6.78,65.9,24.31
2023-04-14 21:00:00,132.24,63.7,181.92,1.51,6.88,81.1,27.27
2023-04-15 03:00:00,134.44,63.77,179.94,1.65,6.71,80.89,27.27
2023-04-15 12:00:00,133.9,62.56,180.58,1.21,6.71,86.75,25.52
2023-04-15 21:00:00,136.43,63.86,177.87,1.67,6.92,87.51,22.87
2023-04-16 03:00:00,132.35,63.73,179.87,1.58,6.76,83.93,31.67
2023-04-16 12:00:00,132.4,62.87,180.7,1.53,6.99,84.22,28.09
2023-04-16 21:00:00,130.27,63.28,179.84,1.2,6.95,81.3,27.6
2023-04-17 03:00:00,131.9,64.25,179.12,1.27,6.58,76.68,29.94
2023-04-17 12:00:00,131.22,63.64,178.49,1.33,6.53,74.54,23.9
2023-04-17 21:00:00,131.54,62.32,178.11,1.39,6.67,76.57,27.55
2023-04-18 03:00:00,129.52,64.91,178.37,1.5,6.81,88.09,26.78
2023-04-18 12:00:00,134.55,64.45,176.71,1.74,6.76,80.96,29.2
2023-04-18 21:00:00,129.83,62.36,179.84,1.59,6.67,77.6,25.96
2023-04-19 03:00:00,127.68,62.43,178.54,1.39,6.63,78.08,23.4
2023-04-19 12:00:00,130.03,62.5,177.6,1.36,6.87,80.67,28.43
2023-04-19 21:00:00,130.82,63.75,176.86,1.75,6.82,78.45,23.23
2023-04-20 03:00:00,129.91,63.81,177.27,1.56,6.79,82.98,24.65
2023-04-20 12:00:00,133.14,63.68,178.01,1.68,6.78,72.43,28.21
2023-04-20 21:00:00,131.21,63.79,177.98,1.31,6.74,75.42,29.07
2023-04-21 03:00:00,131.34,61.66,175.77,1.53,6.98,69.53,27.3
2023-04-21 12:00:00,132.11,62.39,175.55,1.33,6.76,81.67,25.94
2023-04-21 21:00:00,131.56,60.95,178.53,1.44,6.87,82.79,22.75
2023-04-22 03:00:00,132.49,63.82,177.31,1.35,6.72,83.01,25.83
2023-04-22 12:00:00,129.28,63.98,176.58,1.44,6.7,77.92,24.82
2023-04-22 21:00:00,130.08,64.04,175.47,1.43,6.76,84.94,26.05
2023-04-23 03:00:00,131.8,62.45,176.4,1.19,6.76,75.27,24.84
2023-04-23 12:00:00,126.94,63.19,173.86,1.23,6.79,76.46,25.61
2023-04-23 21:00:00,128.58,63.2,176.56,1.55,6.88,85.31,29.99
2023-04-24 03:00:00,131.31,64.36,174.7,1.49,6.81,66.16,21.6
2023-04-24 12:00:00,129.71,60.73,175.35,1.3,6.87,87.21,22.1
2023-04-24 21:00:00,131.73,63.48,174.98,1.36,6.93,86.34,27.67
2023-04-25 03:00:00,131.45,62.32,173.95,1.55,6.59,83.07,25.86
2023-04-25 12:00:00,128.36,62.28,173.68,1.72,6.7,80.04,24.46
2023-04-25 21:00:00,130.7,63.28,174.97,1.63,6.64,83.27,24.0
2023-04-26 03:00:00,131.8,63.05,174.6,1.42,6.63,71.03,26.94
2023-04-26 12:00:00,130.13,61.66,171.48,1.48,6.66,80.65,27.11
2023-04-26 21:00:00,128.36,63.07,171.32,1.25,6.78,85.79,28.1
2023-04-27 03:00:00,131.05,62.9,171.88,1.54,6.8,83.24,29.19
2023-04-27 12:00:00,130.58,64.19,171.68,1.54,6.86,76.65,25.69
2023-04-27 21:00:00,130.34,62.7,171.24,1.41,6.78,79.86,26.71
2023-04-28 03:00:00,130.52,63.22,172.53,1.35,6.77,76.1,26.31
2023-04-28 12:00:00,124.89,60.81,171.49,1.46,6.8,75.52,26.39
2023-04-28 21:00:00,130.58,61.86,173.03,1.57,6.87,73.24,26.0
2023-04-29 03:00:00,131.89,61.27,173.02,1.53,6.63,82.55,24.0
2023-04-29 12:00:00,129.76,62.22,171.23,1.73,6.63,74.23,26.9
2023-04-29 21:00:00,129.31,64.04,172.71,1.4,6.75,72.66,26.94
2023-04-30 03:00:00,130.0,60.42,170.77,1.47,6.71,83.76,26.62
2023-04-30 12:00:00,129.38,61.88,170.03,1.61,6.83,73.97,28.29
2023-04-30 21:00:00,129.77,62.13,170.3,1.41,6.62,74.22,27.74
2023-05-01 03:00:00,128.74,61.64,182.32,1.6,6.67,79.57,22.8
2023-05-01 12:00:00,127.54,63.61,179.51,1.55,6.87,72.06,24.43
2023-05-01 21:00:00,127.13,63.31,180.9,1.56,6.91,84.02,28.38
2023-05-02 03:00:00,127.09,63.18,181.35,1.31,6.78,78.32,25.47
2023-05-02 12:00:00,126.47,61.78,181.29,1.76,6.89,87.2,26.87
2023-05-02 21:00:00,126.89,61.97,180.38,1.14,6.84,77.28,25.74
2023-05-03 03:00:00,131.08,62.61,181.14,1.4,6.82,77.07,28.79
2023-05-03 12:00:00,129.53,62.2,180.8,1.62,6.63,69.82,26.6
2023-05-03 21:00:00,127.41,61.17,179.73,1.2,6.67,80.66,26.47
2023-05-04 03:00:00,127.72,62.79,182.54,1.66,6.68,84.95,23.28
2023-05-04 12:00:00,128.44,59.78,180.59,1.24,6.67,75.85,22.97
2023-05-04 21:00:00,127.24,63.1,179.64,1.13,6.62,83.62,25.45
2023-05-05 03:00:00,128.29,63.78,179.26,1.68,6.6,79.21,28.1
2023-05-05 12:00:00,129.3,62.33,180.82,1.32,6.74,74.12,24.65
2023-05-05 21:00:00,128.03,62.85,179.69,1.23,6.83,80.71,29.05
2023-05-06 03:00:00,128.54,61.88,182.17,1.7,6.72,79.7,24.98
2023-05-06 12:00:00,129.32,60.8,178.92,1.15,6.72,74.53,26.99
2023-05-06 21:00:00,127.53,63.28,177.96,1.31,6.7,86.83,25.15
2023-05-07 03:00:00,128.33,60.92,179.09,1.44,6.76,79.55,27.04
2023-05-07 12:00:00,127.39,64.16,179.18,1.28,6.72,79.58,28.9
2023-05-07 21:00:00,127.76,61.44,176.68,1.32,6.54,78.34,28.01
2023-05-08 03:00:00,127.29,61.86,178.45,1.73,6.99,81.43,29.42
2023-05-08 12:00:00,126.93,61.79,178.24,1.79,6.78,81.71,24.61
2023-05-08 21:00:00,127.96,62.2,178.1,1.66,6.78,76.72,23.77
2023-05-09 03:00:00,128.51,61.15,177.68,1.27,6.77,83.88,23.56
2023-05-09 12:00:00,127.83,61.39,176.86,1.39,6.78,77.08,25.56
2023-05-09 21:00:00,128.33,63.0,178.96,1.41,6.76,81.26,23.42
2023-05-10 03:00:00,126.44,60.21,177.42,1.41,6.78,81.69,24.11
2023-05-10 12:00:00,125.71,60.98,176.84,1.42,6.99,85.71,24.44
2023-05-10 21:00:00,128.08,60.74,176.98,1.43,6.7,71.57,32.38
2023-05-11 03:00:00,128.43,61.54,177.19,1.44,6.72,74.69,26.36
2023-05-11 12:00:00,127.43,61.71,177.68,1.59,6.65,80.97,25.78
2023-05-11 21:00:00,129.33,61.41,178.18,1.62,6.66,79.23,24.63
2023-05-12 03:00:00,128.62,61.92,176.4,1.8,6.85,73.58,23.72
2023-05-12 12:00:00,131.25,62.6,176.77,1.07,6.81,76.65,25.85
2023-05-12 21:00:00,126.89,62.42,175.71,1.5,6.76,74.14,23.8
2023-05-13 03:00:00,125.65,61.39,173.44,1.08,6.71,69.84,22.66
2023-05-13 12:00:00,125.98,61.8,177.04,1.19,6.74,86.29,22.52
2023-05-13 21:00:00,126.19,60.62,178.39,1.69,6.67,71.68,29.18
2023-05-14 03:00:00,127.69,62.91,177.19,1.34,6.72,75.65,24.43
2023-05-14 12:00:00,123.68,61.69,175.99,1.27,6.77,75.66,22.42
2023-05-14 21:00:00,128.86,58.92,176.45,1.34,6.66,79.86,25.05
2023-05-15 03:00:00,126.49,61.1,174.97,1.49,6.74,69.06,27.05
2023-05-15 12:00:00,126.42,60.49,176.0,1.52,6.59,75.31,25.66
2023-05-15 21:00:00,125.12,62.46,175.54,1.15,6.61,79.76,23.4
2023-05-16 03:00:00,126.54,60.78,175.01,1.42,6.75,76.94,25.46
2023-05-16 12:00:00,126.68,60.68,176.22,1.19,6.69,76.07,24.44
2023-05-16 21:00:00,126.42,60.85,178.41,1.27,6.79,78.12,27.66
2023-05-17 03:00:00,127.07,59.51,177.31,1.21,6.67,82.29,28.51
2023-05-17 12:00:00,125.63,59.81,175.35,1.66,6.84,75.15,26.05
2023-05-17 21:00:00,125.13,61.88,176.26,1.28,6.78,71.7,21.83
2023-05-18 03:00:00,127.26,60.46,176.14,1.09,6.76,74.78,25.11
2023-05-18 12:00:00,126.54,62.51,174.42,1.39,6.47,74.48,25.68
2023-05-18 21:00:00,126.64,60.17,175.65,1.49,6.77,74.5,24.39
2023-05-19 03:00:00,127.89,61.32,173.34,1.61,6.65,75.0,24.46
2023-05-19 12:00:00,124.7,60.89,173.94,1.3,6.69,67.75,26.21
2023-05-19 21:00:00,124.9,60.03,174.91,1.27,6.59,71.32,26.59
2023-05-20 03:00:00,128.02,61.37,174.13,1.53,6.68,78.58,27.71
2023-05-20 12:00:00,123.86,60.52,176.31,1.1,6.74,75.63,23.88
2023-05-20 21:00:00,124.06,61.19,175.0,1.51,6.79,67.76,24.87
2023-05-21 03:00:00,127.19,61.62,173.82,1.4,6.48,81.58,25.07
2023-05-21 12:00:00,126.27,60.22,173.63,1.44,6.66,69.61,25.84
2023-05-21 21:00:00,126.01,63.73,174.21,1.45,6.58,80.68,26.34
2023-05-22 03:00:00,125.69,60.5,172.77,1.15,6.55,78.47,25.49
2023-05-22 12:00:00,125.83,61.93,174.4,1.37,6.67,70.56,24.18
2023-05-22 21:00:00,125.6,61.01,172.18,1.1,6.78,70.42,26.91
2023-05-23 03:00:00,127.72,61.17,174.12,1.53,6.59,75.64,27.3
2023-05-23 12:00:00,125.04,61.24,173.19,1.2,6.64,85.52,28.41
2023-05-23 21:00:00,125.37,60.29,173.68,1.56,6.67,80.39,27.02
2023-05-24 03:00:00,128.26,60.98,172.08,1.37,6.48,70.91,20.59
2023-05-24 12:00:00,125.56,61.03,173.32,1.11,6.63,80.42,23.64
2023-05-24 21:00:00,128.83,61.16,175.46,1.1,6.55,65.68,25.18
2023-05-25 03:00:00,125.29,60.57,172.31,1.13,6.65,77.35,25.44
2023-05-25 12:00:00,127.44,60.91,172.95,1.2,6.8,75.91,22.43
2023-05-25 21:00:00,122.86,59.58,174.1,1.39,6.7,80.01,23.61
2023-05-26 03:00:00,125.53,60.61,173.16,0.89,6.85,81.55,24.64
2023-05-26 12:00:00,122.88,60.27,172.66,1.1,6.57,88.44,25.98
2023-05-26 21:00:00,126.47,60.92,171.01,1.23,6.74,61.71,23.7
2023-05-27 03:00:00,123.33,61.25,170.6,1.59,6.71,70.56,24.87
2023-05-27 12:00:00,125.53,60.85,171.85,1.24,6.61,81.11,23.48
2023-05-27 21:00:00,124.63,62.68,171.14,1.26,6.81,80.56,25.86
2023-05-28 03:00:00,123.27,59.39,171.47,0.95,6.7,79.84,24.69
2023-05-28 12:00:00,122.55,62.04,171.59,1.26,6.52,63.06,28.38
2023-05-28 21:00:00,124.16,61.29,170.56,1.06,6.61,83.46,23.93
2023-05-29 03:00:00,127.49,60.76,171.66,1.43,6.69,74.56,22.62
2023-05-29 12:00:00,124.39,58.75,172.94,1.71,6.78,85.68,23.74
2023-05-29 21:00:00,126.16,61.2,169.8,1.39,6.76,75.16,23.85
2023-05-30 03:00:00,124.64,60.31,170.26,1.05,6.66,78.09,28.5
2023-05-30 12:00:00,126.01,60.93,170.58,1.4,6.56,80.21,27.37
2023-05-30 21:00:00,121.91,59.18,171.71,1.09,6.49,73.56,25.28
2023-05-31 03:00:00,124.0,60.04,169.14,1.2,6.6,64.07,24.42
2023-05-31 12:00:00,125.99,60.53,169.18,1.29,6.62,78.1,20.2
2023-05-31 21:00:00,124.27,62.07,167.89,1.51,6.73,74.98,23.06
2023-06-01 03:00:00,124.33,60.16,180.77,1.28,6.67,79.31,24.59
2023-06-01 12:00:00,123.77,58.59,181.81,1.37,6.79,74.44,23.43
2023-06-01 21:00:00,126.09,60.88,182.09,1.27,6.77,76.13,28.23
2023-06-02 03:00:00,124.75,62.13,181.27,1.37,6.69,76.8,26.33
2023-06-02 12:00:00,124.32,60.23,180.14,1.23,6.73,73.24,24.94
2023-06-02 21:00:00,125.2,59.75,181.36,1.49,6.77,68.12,26.16
2023-06-03 03:00:00,125.07,60.85,180.74,0.96,6.6,68.37,22.07
2023-06-03 12:00:00,124.46,59.02,178.43,1.09,6.95,78.65,27.64
2023-06-03 21:00:00,126.42,60.63,179.07,1.01,6.7,74.42,28.92
2023-06-04 03:00:00,123.97,60.3,181.82,1.1,6.66,68.49,23.98
2023-06-04 12:00:00,124.43,60.18,180.44,1.04,6.69,83.05,25.44
2023-06-04 21:00:00,123.0,60.21,178.51,1.33,6.62,80.29,23.9
2023-06-05 03:00:00,124.15,59.7,180.69,1.1,6.61,66.91,23.18
2023-06-05 12:00:00,126.24,59.85,180.86,1.22,6.58,78.57,25.39
2023-06-05 21:00:00,122.85,59.59,179.19,1.11,6.66,68.46,26.55
2023-06-06 03:00:00,122.08,60.63,180.19,1.07,6.54,66.63,27.57
2023-06-06 12:00:00,125.25,60.41,175.45,1.24,6.54,71.31,27.92
2023-06-06 21:00:00,123.48,59.82,180.26,0.95,6.61,71.24,21.76
2023-06-07 03:00:00,123.82,60.86,180.34,0.99,6.64,68.87,23.42
2023-06-07 12:00:00,123.57,60.8,177.81,0.88,6.54,73.58,23.9
2023-06-07 21:00:00,123.71,62.13,179.16,1.07,6.44,74.19,24.12
2023-06-08 03:00:00,124.83,61.2,178.34,1.19,6.61,69.09,19.57
2023-06-08 12:00:00,122.23,60.22,178.46,1.43,6.54,73.43,23.98
2023-06-08 21:00:00,121.92,59.12,178.0,1.03,6.67,71.25,27.54
2023-06-09 03:00:00,123.5,60.47,176.91,1.51,6.62,65.42,20.42
2023-06-09 12:00:00,120.93,58.94,180.17,1.17,6.55,73.86,23.6
2023-06-09 21:00:00,121.22,60.87,177.79,1.28,6.57,68.82,23.31
2023-06-10 03:00:00,126.03,59.83,178.09,1.22,6.5,75.55,24.67
2023-06-10 12:00:00,124.31,61.42,176.75,1.3,6.67,70.19,23.29
2023-06-10 21:00:00,123.1,58.98,176.62,1.55,6.48,70.98,22.29
2023-06-11 03:00:00,124.94,60.05,177.98,1.46,6.64,69.79,24.97
2023-06-11 12:00:00,121.48,60.31,177.98,0.98,6.6,66.92,23.72
2023-06-11 21:00:00,122.51,59.42,178.22,1.09,6.53,70.82,26.24
2023-06-12 03:00:00,123.9,61.52,178.31,1.26,6.53,62.61,24.91
2023-06-12 12:00:00,124.24,63.01,176.83,0.96,6.63,75.41,25.3
2023-06-12 21:00:00,123.62,61.11,176.43,1.24,6.39,65.12,26.11
2023-06-13 03:00:00,118.99,59.16,177.58,1.15,6.77,71.53,20.3
2023-06-13 12:00:00,121.3,58.85,176.03,0.96,6.52,79.02,25.1
2023-06-13 21:00:00,123.43,59.65,177.51,1.23,6.54,74.61,23.93
2023-06-14 03:00:00,122.14,59.79,176.85,1.35,6.63,72.37,21.49
2023-06-14 12:00:00,126.43,59.46,177.55,0.96,6.57,65.38,22.92
2023-06-14 21:00:00,123.95,58.53,176.96,1.47,6.79,74.43,21.83
2023-06-15 03:00:00,123.32,60.46,175.03,1.19,6.61,73.01,22.37
2023-06-15 12:00:00,120.77,59.39,175.12,1.12,6.44,62.0,22.99
2023-06-15 21:00:00,122.35,60.21,176.66,1.22,6.53,77.86,22.63
2023-06-16 03:00:00,122.72,62.45,177.78,0.62,6.67,77.15,26.9
2023-06-16 12:00:00,124.01,57.88,174.26,1.29,6.45,78.3,22.45
2023-06-16 21:00:00,123.6,59.77,175.56,1.19,6.51,72.21,22.93
2023-06-17 03:00:00,123.77,59.88,175.7,1.04,6.75,79.99,21.71
2023-06-17 12:00:00,120.79,59.81,173.69,1.2,6.6,75.09,24.79
2023-06-17 21:00:00,124.24,59.72,175.66,1.21,6.41,68.9,24.35
2023-06-18 03:00:00,120.01,60.02,175.0,0.91,6.51,70.66,22.01
2023-06-18 12:00:00,121.23,58.56,172.77,1.14,6.61,71.84,21.05
2023-06-18 21:00:00,122.64,59.74,176.54,0.8,6.75,70.04,22.7
2023-06-19 03:00:00,121.74,59.19,173.82,1.48,6.48,80.73,21.68
2023-06-19 12:00:00,120.42,58.58,173.24,1.09,6.57,70.47,24.32
2023-06-19 21:00:00,120.66,59.34,174.88,1.05,6.54,70.43,19.26
2023-06-20 03:00:00,119.51,57.74,174.87,0.82,6.46,72.1,22.13
2023-06-20 12:00:00,122.58,56.94,174.93,1.03,6.44,80.06,26.65
2023-06-20 21:00:00,123.61,59.86,173.68,1.08,6.42,76.06,24.14
2023-06-21 03:00:00,121.54,59.13,174.01,1.15,6.32,72.74,20.71
2023-06-21 12:00:00,121.06,59.83,173.17,0.78,6.48,70.08,22.52
2023-06-21 21:00:00,119.41,60.39,172.44,1.02,6.54,70.58,24.74
2023-06-22 03:00:00,122.94,61.0,174.83,1.24,6.55,68.88,24.94
2023-06-22 12:00:00,124.84,60.29,173.46,1.15,6.43,75.86,20.99
2023-06-22 21:00:00,118.77,60.26,173.27,1.11,6.59,69.21,24.77
2023-06-23 03:00:00,119.82,59.52,171.25,1.21,6.69,68.0,21.91
2023-06-23 12:00:00,120.33,60.92,173.03,1.0,6.48,71.24,20.14
2023-06-23 21:00:00,120.46,58.62,172.19,0.91,6.55,69.8,24.68
2023-06-24 03:00:00,121.61,59.04,172.78,0.96,6.61,63.61,22.45
2023-06-24 12:00:00,123.66,58.05,172.61,1.21,6.73,68.32,22.41
2023-06-24 21:00:00,122.71,59.8,172.24,1.24,6.7,73.9,22.1
2023-06-25 03:00:00,121.94,58.84,173.56,1.06,6.55,65.1,23.02
2023-06-25 12:00:00,120.03,59.8,172.95,0.86,6.47,74.4,23.16
2023-06-25 21:00:00,119.38,59.68,173.56,1.02,6.6,72.34,20.41
2023-06-26 03:00:00,119.8,61.5,170.89,1.24,6.59,78.72,21.31
2023-06-26 12:00:00,123.29,58.37,171.49,1.19,6.43,73.95,20.7
2023-06-26 21:00:00,120.83,59.44,171.98,0.84,6.48,67.58,25.74
2023-06-27 03:00:00,120.22,59.16,171.46,1.09,6.33,68.24,20.81
2023-06-27 12:00:00,120.57,60.72,171.71,1.01,6.52,69.84,23.75
2023-06-27 21:00:00,122.02,59.0,170.42,0.96,6.47,67.08,25.07
2023-06-28 03:00:00,118.77,57.9,170.78,0.51,6.54,72.82,20.89
2023-06-28 12:00:00,122.82,57.5,169.7,0.83,6.56,70.73,22.42
2023-06-28 21:00:00,120.9,59.26,170.4,1.31,6.56,65.41,20.4
2023-06-29 03:00:00,120.29,60.53,171.95,1.01,6.63,64.53,22.07
2023-06-29 12:00:00,121.24,59.04,170.85,1.05,6.56,68.88,21.21
2023-06-29 21:00:00,120.85,60.01,172.59,1.0,6.52,66.1,23.91
2023-06-30 03:00:00,119.97,59.09,170.27,1.1,6.66,79.21,20.96
2023-06-30 12:00:00,120.05,58.37,170.84,1.14,6.51,65.49,21.9
2023-06-30 21:00:00,119.09,60.42,169.3,1.13,6.48,77.96,25.86
2023-07-01 03:00:00,121.34,56.81,190.01,1.25,6.48,71.64,20.12
2023-07-01 12:00:00,119.49,58.55,187.02,1.1,6.45,76.36,24.73
2023-07-01 21:00:00,118.82,59.27,187.99,1.35,6.4,72.47,22.03
2023-07-02 03:00:00,120.46,58.06,187.47,1.3,6.6,75.9,23.14
2023-07-02 12:00:00,122.14,59.4,186.3,1.0,6.49,63.6,21.75
2023-07-02 21:00:00,120.06,60.05,185.41,0.75,6.67,62.05,22.95
2023-07-03 03:00:00,119.16,58.88,186.9,0.76,6.61,72.07,23.06
2023-07-03 12:00:00,120.64,58.7,186.04,0.79,6.65,64.31,21.0
2023-07-03 21:00:00,122.91,58.6,186.37,1.02,6.39,73.01,20.67
2023-07-04 03:00:00,117.82,58.31,187.09,0.73,6.66,71.95,19.72
2023-07-04 12:00:00,120.57,58.87,186.41,0.98,6.34,68.92,20.82
2023-07-04 21:00:00,120.31,58.54,186.65,1.22,6.3,73.5,20.83
2023-07-05 03:00:00,121.74,58.74,186.32,1.1,6.52,66.14,21.59
2023-07-05 12:00:00,121.49,61.69,184.51,0.93,6.41,74.29,19.82
2023-07-05 21:00:00,119.72,58.08,187.41,0.96,6.5,65.13,21.71
2023-07-06 03:00:00,117.47,59.17,187.08,0.75,6.57,75.46,21.53
2023-07-06 12:00:00,121.21,59.06,184.58,1.04,6.47,70.76,21.84
2023-07-06 21:00:00,118.75,61.02,186.22,1.01,6.51,56.26,24.08
2023-07-07 03:00:00,118.58,57.86,184.94,0.67,6.48,61.49,21.56
2023-07-07 12:00:00,121.72,58.84,184.77,1.0,6.57,69.55,20.63
2023-07-07 21:00:00,118.63,58.13,185.46,1.0,6.34,77.02,21.98
2023-07-08 03:00:00,122.1,59.12,187.2,0.91,6.45,65.35,24.41
2023-07-08 12:00:00,120.5,59.91,186.39,0.78,6.52,72.61,22.35
2023-07-08 21:00:00,120.48,58.05,185.83,0.89,6.59,73.55,23.59
2023-07-09 03:00:00,120.46,58.58,183.9,0.83,6.48,72.39,18.18
2023-07-09 12:00:00,117.54,59.69,187.68,0.68,6.46,62.51,19.02
2023-07-09 21:00:00,117.34,58.79,185.84,1.19,6.47,74.62,19.16
2023-07-10 03:00:00,120.32,58.84,182.35,1.23,6.49,59.08,23.72
2023-07-10 12:00:00,120.85,57.93,185.11,0.89,6.41,72.15,18.63
2023-07-10 21:00:00,120.12,60.34,184.08,1.03,6.36,63.1,22.79
2023-07-11 03:00:00,118.77,58.28,184.94,0.62,6.41,67.1,21.69
2023-07-11 12:00:00,120.03,58.42,184.85,0.78,6.49,71.9,21.86
2023-07-11 21:00:00,119.88,58.39,183.35,0.91,6.38,74.65,23.7
2023-07-12 03:00:00,118.56,59.71,186.16,0.73,6.52,69.27,23.1
2023-07-12 12:00:00,121.52,59.9,184.38,1.26,6.57,70.42,25.4
2023-07-12 21:00:00,117.4,58.47,185.08,1.03,6.39,68.32,19.59
2023-07-13 03:00:00,120.88,58.66,185.45,0.93,6.43,60.28,24.68
2023-07-13 12:00:00,120.58,59.18,183.18,0.55,6.4,66.15,20.36
2023-07-13 21:00:00,121.51,58.83,182.89,0.74,6.43,72.45,20.26
2023-07-14 03:00:00,118.49,59.44,184.91,0.85,6.43,65.99,21.57
2023-07-14 12:00:00,120.15,59.75,185.12,0.85,6.49,70.29,18.79
2023-07-14 21:00:00,123.26,57.92,182.11,0.7,6.5,60.38,21.44
2023-07-15 03:00:00,120.99,58.34,185.57,0.82,6.45,69.68,20.32
2023-07-15 12:00:00,120.15,58.51,183.11,0.85,6.31,63.23,21.79
2023-07-15 21:00:00,120.81,58.04,184.01,0.52,6.46,71.37,22.77
2023-07-16 03:00:00,120.13,56.18,183.81,0.98,6.4,63.76,23.75
2023-07-16 12:00:00,123.29,57.69,182.09,0.83,6.34,70.47,19.51
2023-07-16 21:00:00,121.48,57.66,182.1,0.83,6.46,64.06,20.03
2023-07-17 03:00:00,119.87,58.75,180.72,0.72,6.42,76.84,22.78
2023-07-17 12:00:00,120.38,58.95,181.63,0.87,6.56,67.71,23.12
2023-07-17 21:00:00,119.41,58.79,181.18,0.85,6.45,81.06,22.85
2023-07-18 03:00:00,121.81,58.75,182.68,0.63,6.37,72.32,19.88
2023-07-18 12:00:00,117.89,57.49,183.97,0.98,6.56,60.41,20.44
2023-07-18 21:00:00,117.59,56.9,182.43,0.62,6.52,69.86,15.87
2023-07-19 03:00:00,122.19,59.26,182.7,1.11,6.37,59.19,19.88
2023-07-19 12:00:00,123.23,56.85,183.1,0.75,6.39,69.67,18.41
2023-07-19 21:00:00,120.7,60.45,182.89,0.7,6.43,67.01,21.64
2023-07-20 03:00:00,120.17,58.69,181.66,0.44,6.44,57.44,17.08
2023-07-20 12:00:00,120.99,58.49,180.4,0.68,6.54,69.85,19.1
2023-07-20 21:00:00,119.03,58.77,181.4,1.21,6.44,60.27,20.57
2023-07-21 03:00:00,120.26,57.87,181.85,0.98,6.57,62.27,20.5
2023-07-21 12:00:00,120.06,59.1,180.76,0.76,6.36,63.86,21.27
2023-07-21 21:00:00,120.94,58.19,181.98,0.84,6.41,66.0,18.47
2023-07-22 03:00:00,117.66,57.44,181.2,0.96,6.49,71.24,22.94
2023-07-22 12:00:00,119.24,58.77,182.07,0.77,6.34,66.02,22.63
2023-07-22 21:00:00,121.27,61.15,180.5,1.0,6.45,69.72,21.28
2023-07-23 03:00:00,118.99,57.1,180.28,0.72,6.57,64.34,20.71
2023-07-23 12:00:00,118.51,58.02,183.04,0.61,6.46,71.68,19.01
2023-07-23 21:00:00,123.06,59.65,181.1,0.85,6.37,64.68,16.55
2023-07-24 03:00:00,120.06,57.71,181.58,0.79,6.35,71.72,20.09
2023-07-24 12:00:00,119.13,59.65,179.79,0.5,6.24,70.99,25.05
2023-07-24 21:00:00,117.46,59.35,180.45,0.9,6.38,63.08,21.99
2023-07-25 03:00:00,121.09,58.21,181.46,0.78,6.61,57.26,19.79
2023-07-25 12:00:00,121.05,58.0,182.29,1.07,6.4,61.96,20.16
2023-07-25 21:00:00,119.55,59.16,179.78,0.65,6.46,68.4,22.87
2023-07-26 03:00:00,118.35,57.35,179.65,0.77,6.5,59.16,22.28
2023-07-26 12:00:00,119.96,58.95,180.39,0.57,6.41,65.23,18.22
2023-07-26 21:00:00,118.75,59.61,178.72,0.9,6.34,68.22,19.04
2023-07-27 03:00:00,118.59,59.42,180.17,0.78,6.42,62.11,21.62
2023-07-27 12:00:00,119.85,59.16,180.03,0.79,6.5,61.8,19.64
2023-07-27 21:00:00,118.42,57.07,180.73,0.7,6.34,64.87,21.4
2023-07-28 03:00:00,120.37,58.8,181.37,0.61,6.44,64.32,21.85
2023-07-28 12:00:00,120.91,58.0,180.39,0.85,6.42,72.42,16.71
2023-07-28 21:00:00,118.74,56.96,180.5,0.74,6.35,70.18,19.14
2023-07-29 03:00:00,117.95,57.91,179.69,0.82,6.26,68.71,20.3
2023-07-29 12:00:00,122.34,56.54,179.18,0.79,6.47,64.92,20.96
2023-07-29 21:00:00,118.59,57.84,177.38,0.87,6.46,68.08,20.09
2023-07-30 03:00:00,119.01,57.88,178.46,0.79,6.38,61.38,21.16
2023-07-30 12:00:00,120.32,58.56,179.53,0.73,6.32,58.15,21.78
2023-07-30 21:00:00,120.9,59.11,177.48,0.5,6.21,62.68,18.93
2023-07-31 03:00:00,119.62,56.5,179.36,0.75,6.48,62.9,20.98
2023-07-31 12:00:00,120.69,56.57,178.59,1.06,6.2,63.04,18.65
2023-07-31 21:00:00,119.4,55.8,177.85,0.87,6.27,64.85,19.11
2023-08-01 03:00:00,126.94,58.81,178.35,0.65,6.53,66.46,20.37
2023-08-01 12:00:00,130.46,57.18,179.52,0.77,6.3,58.86,20.1
2023-08-01 21:00:00,131.96,57.28,179.6,0.95,6.34,74.92,21.05
2023-08-02 03:00:00,130.66,57.79,176.53,0.75,6.23,67.9,20.31
2023-08-02 12:00:00,128.21,57.8,178.3,0.8,6.28,68.45,19.19
2023-08-02 21:00:00,130.66,58.49,179.3,0.6,6.42,65.54,21.6
2023-08-03 03:00:00,128.32,55.47,178.0,0.96,6.37,62.64,17.77
2023-08-03 12:00:00,126.96,57.49,178.28,0.89,6.56,68.94,22.28
2023-08-03 21:00:00,128.3,56.37,176.53,0.6,6.26,57.02,21.53
2023-08-04 03:00:00,127.39,59.42,177.5,0.61,6.34,75.67,18.86
2023-08-04 12:00:00,125.97,58.19,179.81,0.56,6.33,58.16,15.99
2023-08-04 21:00:00,125.98,57.97,176.97,1.01,6.25,72.82,21.52
2023-08-05 03:00:00,128.44,59.84,176.18,0.43,6.37,66.7,21.4
2023-08-05 12:00:00,124.39,57.37,177.77,0.47,6.32,61.01,18.47
2023-08-05 21:00:00,127.94,58.43,178.37,0.49,6.21,55.26,18.82
2023-08-06 03:00:00,124.49,55.92,178.71,0.36,6.42,63.79,16.39
2023-08-06 12:00:00,123.71,57.63,176.8,0.3,6.26,64.42,19.04
2023-08-06 21:00:00,124.03,59.79,177.49,0.4,6.31,63.75,18.91
2023-08-07 03:00:00,129.64,57.87,177.74,0.68,6.25,55.41,18.35
2023-08-07 12:00:00,126.29,56.53,177.78,1.24,6.21,67.04,17.32
2023-08-07 21:00:00,126.62,56.27,176.43,0.53,6.22,59.97,17.41
2023-08-08 03:00:00,128.52,55.62,178.69,0.8,6.37,65.63,21.95
2023-08-08 12:00:00,127.73,57.7,176.06,0.82,6.25,61.32,15.72
2023-08-08 21:00:00,124.15,58.11,177.42,0.58,6.35,66.72,13.87
2023-08-09 03:00:00,127.47,57.31,176.57,0.62,6.35,68.67,16.73
2023-08-09 12:00:00,126.36,56.28,175.89,0.66,6.4,65.08,19.65
2023-08-09 21:00:00,125.51,57.35,175.73,0.73,6.19,66.16,20.89
2023-08-10 03:00:00,125.95,56.35,175.7,0.76,6.35,66.85,17.33
2023-08-10 12:00:00,127.74,58.32,175.75,0.33,6.23,61.15,22.78
2023-08-10 21:00:00,124.41,56.57,175.05,0.91,6.39,67.05,19.58
2023-08-11 03:00:00,126.26,56.05,176.76,1.13,6.37,61.12,19.07
2023-08-11 12:00:00,125.55,56.36,175.21,0.63,6.37,65.49,18.26
2023-08-11 21:00:00,122.75,57.3,175.2,0.76,6.33,76.57,19.72
2023-08-12 03:00:00,124.19,55.57,176.26,0.75,6.08,54.3,19.98
2023-08-12 12:00:00,125.58,57.53,175.56,0.58,6.17,70.38,17.69
2023-08-12 21:00:00,127.16,56.52,174.11,0.84,6.38,61.98,18.84
2023-08-13 03:00:00,126.66,56.85,174.53,0.81,6.24,54.81,15.18
2023-08-13 12:00:00,125.99,56.59,175.17,0.96,6.41,65.01,18.59
2023-08-13 21:00:00,123.8,59.08,174.69,0.7,6.18,58.39,22.66
2023-08-14 03:00:00,127.62,56.48,175.99,1.27,6.38,73.07,21.78
2023-08-14 12:00:00,125.15,57.51,174.28,0.68,6.34,65.9,21.5
2023-08-14 21:00:00,123.24,59.16,173.98,0.62,6.35,66.42,17.42
2023-08-15 03:00:00,124.36,57.01,173.87,0.66,6.31,64.22,16.17
2023-08-15 12:00:00,125.86,58.47,175.29,0.64,6.19,61.56,17.21
2023-08-15 21:00:00,124.43,56.61,175.26,0.68,6.25,63.14,17.0
2023-08-16 03:00:00,125.66,57.3,172.89,0.66,6.35,58.86,19.0
2023-08-16 12:00:00,125.87,55.81,175.19,0.6,6.2,66.17,16.77
2023-08-16 21:00:00,124.71,55.22,175.35,0.44,6.41,73.82,15.21
2023-08-17 03:00:00,122.72,55.36,172.59,0.68,6.39,56.37,22.04
2023-08-17 12:00:00,124.12,56.32,173.56,0.55,6.42,65.67,19.19
2023-08-17 21:00:00,123.95,56.61,175.69,0.59,6.36,58.82,21.56
2023-08-18 03:00:00,126.54,55.1,175.17,0.39,6.15,62.79,15.51
2023-08-18 12:00:00,121.25,54.8,174.03,0.66,6.3,66.36,20.06
2023-08-18 21:00:00,123.39,54.25,174.46,0.73,6.36,68.68,15.96
2023-08-19 03:00:00,122.58,58.42,176.07,0.49,6.22,63.82,17.65
2023-08-19 12:00:00,123.86,56.28,174.29,0.67,6.19,62.61,16.79
2023-08-19 21:00:00,119.59,53.87,172.4,0.56,6.14,50.76,17.03
2023-08-20 03:00:00,124.85,56.08,175.07,0.6,6.17,61.36,21.59
2023-08-20 12:00:00,123.14,55.88,172.62,0.49,6.31,59.66,17.02
2023-08-20 21:00:00,120.27,54.58,174.5,0.49,6.29,66.66,19.23
2023-08-21 03:00:00,122.38,57.21,174.03,0.37,6.42,63.42,19.91
2023-08-21 12:00:00,123.75,55.48,174.19,0.66,6.27,65.82,16.24
2023-08-21 21:00:00,120.37,55.98,174.79,0.33,6.26,61.81,15.3
2023-08-22 03:00:00,122.67,55.61,171.54,0.61,6.32,62.83,19.44
2023-08-22 12:00:00,120.96,55.91,172.89,0.78,6.18,65.46,17.04
2023-08-22 21:00:00,121.65,56.9,174.93,0.46,6.38,53.05,17.12
2023-08-23 03:00:00,122.45,56.44,173.8,0.87,6.36,60.99,18.33
2023-08-23 12:00:00,122.61,55.29,172.84,0.5,6.16,66.5,17.08
2023-08-23 21:00:00,121.51,57.38,171.47,0.55,6.29,65.34,15.69
2023-08-24 03:00:00,122.53,57.32,172.53,0.59,6.24,65.39,19.55
2023-08-24 12:00:00,123.22,54.14,171.35,0.67,6.28,64.86,18.21
2023-08-24 21:00:00,121.46,54.47,170.64,0.66,6.37,60.46,18.13
2023-08-25 03:00:00,123.93,54.97,172.67,0.79,6.18,58.19,20.3
2023-08-25 12:00:00,123.86,57.18,172.04,0.51,6.15,64.93,19.55
2023-08-25 21:00:00,120.93,55.35,171.07,0.99,6.36,65.9,19.06
2023-08-26 03:00:00,120.53,54.92,172.25,0.53,5.98,65.7,20.39
2023-08-26 12:00:00,118.89,55.44,171.24,0.19,6.26,65.77,22.09
2023-08-26 21:00:00,121.12,55.2,173.55,0.64,6.26,56.63,12.95
2023-08-27 03:00:00,120.67,55.24,171.57,0.62,6.24,58.5,17.06
2023-08-27 12:00:00,122.27,54.24,173.16,1.25,6.3,69.29,19.91
2023-08-27 21:00:00,118.74,54.5,170.58,0.49,6.17,61.7,16.37
2023-08-28 03:00:00,120.51,55.02,172.02,0.77,6.3,65.5,18.02
2023-08-28 12:00:00,122.3,56.72,173.22,0.67,6.2,66.17,18.96
2023-08-28 21:00:00,119.64,56.6,171.48,0.34,6.19,56.78,17.0
2023-08-29 03:00:00,119.51,56.18,172.31,0.51,6.16,60.48,18.08
2023-08-29 12:00:00,118.39,55.55,169.21,0.38,6.18,66.58,16.75
2023-08-29 21:00:00,124.41,52.4,171.71,0.74,6.27,59.89,17.01
2023-08-30 03:00:00,119.26,56.98,170.91,0.05,6.49,57.48,17.89
2023-08-30 12:00:00,118.35,56.25,171.61,0.37,6.37,59.74,18.27
2023-08-30 21:00:00,119.03,54.66,171.6,0.44,6.38,73.21,15.65
2023-08-31 03:00:00,119.0,54.34,168.22,0.3,6.03,64.86,16.75
2023-08-31 12:00:00,119.68,55.19,170.05,0.55,6.35,62.94,17.78
2023-08-31 21:00:00,121.24,55.0,169.73,0.47,6.18,59.18,16.85
2023-09-01 03:00:00,136.12,54.19,170.52,0.83,6.31,74.5,17.7
2023-09-01 12:00:00,134.77,56.45,168.21,0.33,6.09,62.51,15.66
2023-09-01 21:00:00,133.64,54.16,168.99,0.65,6.31,56.63,16.01
2023-09-02 03:00:00,135.54,55.08,171.07,0.47,6.16,60.56,18.08
2023-09-02 12:00:00,135.23,53.53,170.13,0.37,6.12,56.88,16.53
2023-09-02 21:00:00,137.17,54.5,168.71,0.6,6.32,64.75,14.51
2023-09-03 03:00:00,134.45,55.87,169.5,0.53,6.43,59.61,16.72
2023-09-03 12:00:00,133.96,54.74,170.82,0.89,6.26,60.69,18.43
2023-09-03 21:00:00,132.12,54.05,167.66,0.31,6.3,64.36,17.08
2023-09-04 03:00:00,132.96,52.6,169.29,0.65,6.4,58.82,14.3
2023-09-04 12:00:00,132.4,54.26,169.19,0.71,6.06,69.69,18.2
2023-09-04 21:00:00,132.2,54.22,169.53,0.76,6.22,62.29,12.8
2023-09-05 03:00:00,131.03,55.33,169.76,0.83,6.08,58.05,18.02
2023-09-05 12:00:00,132.99,55.92,171.15,0.48,6.18,58.14,17.04
2023-09-05 21:00:00,131.47,53.2,169.62,0.4,6.2,54.51,18.15
2023-09-06 03:00:00,131.02,55.29,168.32,0.71,6.42,62.71,19.37
2023-09-06 12:00:00,128.43,53.4,170.17,0.43,6.25,59.54,17.46
2023-09-06 21:00:00,131.33,55.6,167.87,0.21,6.25,61.77,18.24
2023-09-07 03:00:00,130.94,53.9,169.16,0.9,6.18,64.74,16.68
2023-09-07 12:00:00,128.53,54.92,170.25,0.44,6.22,59.28,15.98
2023-09-07 21:00:00,131.04,55.93,169.65,0.82,6.29,57.83,19.34
2023-09-08 03:00:00,127.11,52.47,169.31,0.44,6.21,60.42,15.48
2023-09-08 12:00:00,128.69,54.37,166.01,0.73,6.19,64.06,16.51
2023-09-08 21:00:00,128.07,55.85,168.15,0.46,6.22,53.13,19.98
2023-09-09 03:00:00,126.1,54.97,167.58,0.79,6.1,56.39,17.47
2023-09-09 12:00:00,127.86,56.38,169.47,0.73,6.04,59.64,20.0
2023-09-09 21:00:00,129.75,53.56,168.86,1.05,6.09,66.44,17.32
2023-09-10 03:00:00,126.87,55.19,168.15,0.63,6.24,63.7,13.02
2023-09-10 12:00:00,125.65,54.76,168.64,0.21,6.15,56.95,16.76
2023-09-10 21:00:00,126.69,54.03,167.06,0.14,6.18,60.41,19.46
2023-09-11 03:00:00,125.81,52.88,168.32,0.67,6.16,53.7,16.33
2023-09-11 12:00:00,125.43,54.14,167.7,0.6,6.16,63.58,19.41
2023-09-11 21:00:00,124.42,55.91,165.73,0.45,6.19,54.57,16.27
2023-09-12 03:00:00,126.79,55.16,167.79,0.85,6.03,58.21,16.11
2023-09-12 12:00:00,124.92,54.34,168.08,0.17,6.2,66.04,20.92
2023-09-12 21:00:00,123.07,53.27,168.5,0.47,6.14,62.94,14.75
2023-09-13 03:00:00,123.27,52.27,167.7,0.47,6.14,62.47,22.13
2023-09-13 12:00:00,122.03,53.51,168.13,0.43,6.32,63.07,14.66
2023-09-13 21:00:00,121.87,52.74,165.15,0.54,6.28,71.13,14.72
2023-09-14 03:00:00,121.44,53.28,166.51,0.64,6.04,69.35,15.08
2023-09-14 12:00:00,120.19,54.78,166.65,0.61,6.13,69.45,17.93
2023-09-14 21:00:00,122.7,54.86,166.36,0.68,6.12,63.12,21.75
2023-09-15 03:00:00,120.77,54.69,166.51,0.51,6.3,68.65,20.46
2023-09-15 12:00:00,121.66,54.08,165.93,0.31,6.17,54.39,19.05
2023-09-15 21:00:00,119.52,52.93,167.21,0.63,6.28,54.68,18.02
2023-09-16 03:00:00,120.05,53.91,165.3,0.69,6.21,53.58,18.58
2023-09-16 12:00:00,118.93,51.61,166.37,0.44,6.15,65.6,17.72
2023-09-16 21:00:00,121.08,54.54,166.22,0.25,6.18,58.49,17.28
2023-09-17 03:00:00,119.63,52.18,166.21,0.64,6.02,59.98,16.61
2023-09-17 12:00:00,118.9,54.72,164.95,0.58,6.22,51.73,17.1
2023-09-17 21:00:00,117.54,52.63,167.32,0.52,6.24,59.5,14.98
2023-09-18 03:00:00,120.41,55.61,165.54,0.68,6.18,51.84,17.71
2023-09-18 12:00:00,118.94,52.95,164.17,0.87,6.27,51.96,15.54
2023-09-18 21:00:00,119.98,53.08,166.45,0.31,6.27,53.57,16.01
2023-09-19 03:00:00,119.26,53.97,165.52,1.15,6.28,59.15,17.23
2023-09-19 12:00:00,121.43,51.71,165.33,0.48,6.34,67.01,17.52
2023-09-19 21:00:00,120.82,53.31,165.25,0.87,6.12,56.33,20.38
2023-09-20 03:00:00,120.67,52.0,165.67,0.44,6.19,57.21,19.01
2023-09-20 12:00:00,119.08,53.74,165.07,0.46,6.18,52.62,16.86
2023-09-20 21:00:00,120.7,53.54,164.21,0.49,6.26,63.25,17.9
2023-09-21 03:00:00,122.57,53.22,163.42,0.16,6.08,55.04,17.71
2023-09-21 12:00:00,118.75,54.26,165.15,0.6,6.14,62.35,16.99
2023-09-21 21:00:00,120.26,53.08,163.15,0.37,6.11,58.67,14.18
2023-09-22 03:00:00,117.53,50.59,165.84,0.61,6.21,67.05,14.16
2023-09-22 12:00:00,122.1,52.08,163.55,0.6,6.2,64.66,14.96
2023-09-22 21:00:00,119.4,51.82,163.61,0.63,6.14,68.84,14.9
2023-09-23 03:00:00,121.17,53.5,163.4,0.28,5.91,56.1,15.09
2023-09-23 12:00:00,117.42,52.56,162.91,0.42,6.13,64.03,19.06
2023-09-23 21:00:00,122.7,52.07,163.44,0.42,5.98,60.09,21.39
2023-09-24 03:00:00,119.46,51.86,163.82,0.69,6.16,62.31,16.7
2023-09-24 12:00:00,120.82,52.33,161.58,0.51,6.13,66.94,16.24
2023-09-24 21:00:00,120.23,53.08,161.37,0.31,6.22,58.41,15.41
2023-09-25 03:00:00,119.62,53.54,163.13,0.5,6.19,68.51,16.41
2023-09-25 12:00:00,122.53,52.61,164.72,0.28,6.12,56.0,20.51
2023-09-25 21:00:00,117.53,52.08,162.36,0.74,6.24,68.59,17.95
2023-09-26 03:00:00,120.45,52.55,163.54,0.32,6.02,61.84,16.24
2023-09-26 12:00:00,121.37,51.2,165.03,0.44,6.13,59.46,15.91
2023-09-26 21:00:00,119.96,51.97,162.04,0.37,6.0,63.27,14.39
2023-09-27 03:00:00,119.82,53.91,162.84,0.71,6.11,72.79,16.91
2023-09-27 12:00:00,119.79,53.5,162.44,0.33,6.2,55.49,16.35
2023-09-27 21:00:00,118.16,54.7,164.07,0.5,6.07,59.13,18.29
2023-09-28 03:00:00,120.06,51.56,163.55,0.71,6.21,49.04,17.23
2023-09-28 12:00:00,120.77,55.03,163.62,0.78,6.02,50.02,20.25
2023-09-28 21:00:00,120.1,51.73,165.47,0.56,6.12,62.18,20.2
2023-09-29 03:00:00,119.59,51.55,164.46,0.57,6.1,56.25,18.55
2023-09-29 12:00:00,119.27,52.53,162.56,0.6,6.39,54.95,17.26
2023-09-29 21:00:00,119.58,52.7,162.35,0.45,6.07,56.24,14.36
2023-09-30 03:00:00,121.89,52.35,160.97,0.47,6.15,58.71,16.06
2023-09-30 12:00:00,116.87,52.03,160.61,0.6,6.28,53.82,16.4
2023-09-30 21:00:00,120.06,54.24,162.26,0.25,6.31,59.65,16.12
2023-10-01 03:00:00,152.93,50.76,160.8,0.6,6.06,61.11,18.81
2023-10-01 12:00:00,154.9,50.77,162.71,1.1,6.26,62.06,18.54
2023-10-01 21:00:00,152.1,52.09,161.06,0.47,6.15,62.72,18.85
2023-10-02 03:00:00,153.55,51.7,161.12,0.36,6.14,58.22,20.37
2023-10-02 12:00:00,147.55,51.8,159.96,0.51,6.31,61.0,19.88
2023-10-02 21:00:00,150.81,54.13,163.65,0.48,6.2,56.5,11.97
2023-10-03 03:00:00,149.94,53.38,162.12,0.66,6.17,56.62,17.82
2023-10-03 12:00:00,150.86,52.26,160.47,0.3,6.36,57.67,17.13
2023-10-03 21:00:00,145.57,50.73,161.22,0.37,6.23,65.09,16.34
2023-10-04 03:00:00,146.79,51.73,162.32,0.51,6.33,55.3,20.5
2023-10-04 12:00:00,146.23,49.58,159.8,0.54,6.32,52.69,17.75
2023-10-04 21:00:00,144.76,50.47,162.6,0.54,6.26,65.07,16.46
2023-10-05 03:00:00,146.58,52.09,159.36,0.12,6.27,57.33,13.81
2023-10-05 12:00:00,143.41,50.26,160.19,0.7,6.1,71.92,18.41
2023-10-05 21:00:00,146.27,50.54,158.5,0.88,6.19,56.14,17.93
2023-10-06 03:00:00,144.11,51.37,157.43,0.59,6.24,58.79,21.75
2023-10-06 12:00:00,143.25,47.97,161.01,0.24,6.32,51.36,18.01
2023-10-06 21:00:00,141.84,51.23,159.85,0.47,6.04,59.79,16.29
2023-10-07 03:00:00,138.83,51.28,157.84,0.23,6.11,61.96,13.54
2023-10-07 12:00:00,139.12,51.48,157.78,0.43,6.41,63.73,14.7
2023-10-07 21:00:00,139.86,52.59,160.5,0.54,6.22,63.94,17.0
2023-10-08 03:00:00,139.28,50.22,159.0,0.78,6.2,59.3,16.88
2023-10-08 12:00:00,139.49,50.48,160.5,0.29,6.2,66.31,19.56
2023-10-08 21:00:00,136.18,49.81,159.48,0.45,6.25,61.2,17.51
2023-10-09 03:00:00,134.76,49.91,158.58,1.06,6.28,63.16,14.92
2023-10-09 12:00:00,136.34,49.74,158.55,0.62,6.29,60.74,14.14
2023-10-09 21:00:00,133.08,49.67,157.8,0.77,6.13,60.58,17.44
2023-10-10 03:00:00,134.94,48.32,158.31,0.7,6.35,59.4,16.3
2023-10-10 12:00:00,134.62,49.11,157.98,0.48,6.32,63.18,15.69
2023-10-10 21:00:00,132.88,51.09,158.79,0.42,6.14,64.3,20.66
2023-10-11 03:00:00,131.07,49.82,157.62,0.29,6.25,64.0,18.05
2023-10-11 12:00:00,130.96,49.61,158.54,0.42,6.25,61.02,18.57
2023-10-11 21:00:00,131.45,49.62,158.44,0.45,6.45,61.0,21.44
2023-10-12 03:00:00,130.04,50.34,157.51,0.49,6.33,58.53,17.25
2023-10-12 12:00:00,132.67,48.56,155.72,0.73,6.12,62.91,15.74
2023-10-12 21:00:00,127.38,50.87,156.76,-0.09,6.09,52.45,19.14
2023-10-13 03:00:00,126.81,47.68,154.76,0.28,5.95,52.64,15.96
2023-10-13 12:00:00,126.21,50.86,155.33,0.5,6.27,58.5,18.79
2023-10-13 21:00:00,126.32,50.18,157.18,0.56,6.12,65.73,13.16
2023-10-14 03:00:00,123.29,47.51,156.81,0.43,6.21,64.36,18.51
2023-10-14 12:00:00,125.0,49.69,156.07,0.34,6.18,59.1,17.18
2023-10-14 21:00:00,124.26,49.95,155.6,0.72,6.04,58.11,20.59
2023-10-15 03:00:00,124.5,48.2,155.01,0.59,6.24,59.92,19.28
2023-10-15 12:00:00,124.28,49.31,155.09,0.55,6.16,64.28,15.01
2023-10-15 21:00:00,121.09,47.73,156.45,0.42,6.11,67.44,16.71
2023-10-16 03:00:00,123.59,50.17,155.82,0.68,6.24,62.48,20.7
2023-10-16 12:00:00,124.21,49.93,153.7,-0.11,6.15,53.11,16.69
2023-10-16 21:00:00,120.64,49.1,155.22,0.57,6.16,61.14,22.14
2023-10-17 03:00:00,122.63,46.39,155.02,0.68,6.22,61.97,17.66
2023-10-17 12:00:00,120.3,48.94,156.47,0.67,6.22,61.08,20.66
2023-10-17 21:00:00,122.98,48.73,152.71,0.38,6.23,61.06,18.05
2023-10-18 03:00:00,121.68,48.15,153.62,0.24,6.32,58.29,15.83
2023-10-18 12:00:00,117.65,47.26,155.3,0.42,6.13,54.99,19.45
2023-10-18 21:00:00,120.03,47.86,152.97,0.54,6.21,69.45,21.74
2023-10-19 03:00:00,121.58,48.18,156.52,0.35,6.11,53.62,16.99
2023-10-19 12:00:00,120.05,48.52,152.66,0.65,6.22,68.36,18.17
2023-10-19 21:00:00,119.94,49.25,153.81,0.49,6.3,60.42,19.84
2023-10-20 03:00:00,121.9,49.16,154.26,0.58,6.2,62.1,23.05
2023-10-20 12:00:00,118.94,48.64,154.42,0.24,6.27,64.75,20.29
2023-10-20 21:00:00,120.03,47.28,154.1,0.44,6.48,66.36,14.98
2023-10-21 03:00:00,120.49,48.51,152.7,0.28,6.31,56.98,14.79
2023-10-21 12:00:00,119.5,48.92,153.96,0.83,6.15,62.55,16.11
2023-10-21 21:00:00,119.97,48.89,152.09,0.65,6.23,58.99,18.46
2023-10-22 03:00:00,121.16,49.11,152.2,0.44,6.18,52.0,21.56
2023-10-22 12:00:00,120.65,45.59,153.08,0.48,6.19,54.71,17.22
2023-10-22 21:00:00,118.79,46.42,154.09,0.91,6.25,59.32,18.13
2023-10-23 03:00:00,118.34,47.48,152.13,0.67,6.22,66.58,18.92
2023-10-23 12:00:00,118.82,48.66,151.3,0.46,6.22,55.83,16.12
2023-10-23 21:00:00,120.0,48.65,153.35,0.33,6.35,61.49,14.83
2023-10-24 03:00:00,119.76,47.04,150.61,0.05,6.16,58.18,16.9
2023-10-24 12:00:00,118.75,49.83,153.65,0.63,6.22,63.67,14.24
2023-10-24 21:00:00,119.1,45.61,150.51,0.46,6.18,59.89,17.29
2023-10-25 03:00:00,117.72,47.16,152.08,0.94,6.33,58.89,16.38
2023-10-25 12:00:00,120.63,48.16,152.24,0.67,6.41,63.17,17.89
2023-10-25 21:00:00,119.94,46.89,151.95,0.48,6.16,59.31,15.66
2023-10-26 03:00:00,118.11,46.35,151.11,0.53,6.37,64.11,18.02
2023-10-26 12:00:00,120.04,48.55,150.82,0.52,6.25,50.96,17.96
2023-10-26 21:00:00,122.01,47.07,148.87,0.37,6.24,52.25,20.17
2023-10-27 03:00:00,118.89,47.36,149.7,0.49,6.27,61.15,17.84
2023-10-27 12:00:00,121.97,48.35,151.12,0.78,6.25,54.7,15.57
2023-10-27 21:00:00,119.51,46.16,150.85,0.45,6.13,66.98,17.14
2023-10-28 03:00:00,120.3,47.15,148.92,0.25,6.22,59.62,23.63
2023-10-28 12:00:00,120.15,46.45,150.36,0.27,6.21,55.52,20.56
2023-10-28 21:00:00,122.1,45.55,150.26,0.54,6.21,56.08,15.51
2023-10-29 03:00:00,120.24,47.86,151.84,0.55,6.19,67.97,17.21
2023-10-29 12:00:00,118.29,47.25,149.56,0.51,6.22,63.75,18.38
2023-10-29 21:00:00,118.03,46.91,149.45,0.3,6.26,67.09,17.93
2023-10-30 03:00:00,117.7,46.63,149.03,0.59,6.19,56.87,18.3
2023-10-30 12:00:00,117.43,47.95,148.95,0.52,6.37,59.94,17.07
2023-10-30 21:00:00,120.07,43.7,150.39,0.74,6.34,58.84,16.01
2023-10-31 03:00:00,118.56,46.07,149.26,0.65,6.2,51.78,17.72
2023-10-31 12:00:00,119.88,44.79,151.13,0.33,6.27,62.31,17.49
2023-10-31 21:00:00,118.94,46.51,149.34,0.31,6.23,61.46,19.8
2023-11-01 03:00:00,127.11,47.51,168.11,0.88,6.27,51.76,15.47
2023-11-01 12:00:00,127.15,45.3,166.71,0.58,6.22,56.42,16.48
2023-11-01 21:00:00,128.73,47.76,166.3,0.53,6.28,62.3,24.62
2023-11-02 03:00:00,128.83,46.52,164.66,0.45,6.07,63.93,16.75
2023-11-02 12:00:00,127.6,46.93,165.95,0.49,6.13,59.65,16.35
2023-11-02 21:00:00,125.24,46.93,165.32,0.58,6.2,61.27,19.9
2023-11-03 03:00:00,127.38,46.46,165.73,0.84,6.08,69.88,18.05
2023-11-03 12:00:00,127.1,45.03,164.31,0.89,6.24,61.05,16.85
2023-11-03 21:00:00,126.16,45.23,163.13,0.51,6.15,66.81,18.15
2023-11-04 03:00:00,124.6,45.93,164.69,1.05,6.2,57.27,19.47
2023-11-04 12:00:00,126.16,45.44,164.3,0.46,6.25,55.84,16.25
2023-11-04 21:00:00,125.32,46.49,164.13,0.77,6.32,62.6,16.07
2023-11-05 03:00:00,119.67,43.48,164.66,0.54,6.3,64.94,19.65
2023-11-05 12:00:00,124.98,46.19,162.41,0.77,6.26,62.75,17.19
2023-11-05 21:00:00,120.67,45.69,160.64,0.62,6.24,69.66,18.77
2023-11-06 03:00:00,124.23,45.52,163.41,0.64,6.24,68.99,16.27
2023-11-06 12:00:00,122.69,45.63,163.15,0.67,6.31,64.28,19.47
2023-11-06 21:00:00,124.36,43.39,161.98,1.0,6.43,62.38,18.64
2023-11-07 03:00:00,122.0,46.4,162.23,0.72,6.16,62.97,22.69
2023-11-07 12:00:00,120.39,45.66,160.59,0.67,6.24,61.6,15.2
2023-11-07 21:00:00,121.19,48.17,159.23,0.69,6.12,60.85,17.23
2023-11-08 03:00:00,122.65,46.33,159.33,0.54,6.47,63.77,19.34
2023-11-08 12:00:00,120.87,45.76,160.91,0.82,6.14,65.92,16.33
2023-11-08 21:00:00,120.35,44.36,162.07,0.7,6.37,60.24,19.66
2023-11-09 03:00:00,121.37,44.53,160.06,0.55,6.1,54.5,17.88
2023-11-09 12:00:00,120.32,44.44,161.13,0.32,6.18,54.61,16.55
2023-11-09 21:00:00,119.99,47.4,159.44,0.43,6.27,63.58,18.91
2023-11-10 03:00:00,122.05,44.49,159.76,0.75,6.12,60.39,17.6
2023-11-10 12:00:00,122.33,43.71,160.4,0.54,6.43,62.88,17.99
2023-11-10 21:00:00,120.92,46.24,159.49,0.69,6.26,57.83,17.55
2023-11-11 03:00:00,119.57,46.16,158.57,0.54,6.49,59.46,18.46
2023-11-11 12:00:00,122.25,45.1,157.99,0.28,6.3,62.1,18.13
2023-11-11 21:00:00,121.77,46.16,158.62,0.59,6.1,63.07,21.43
2023-11-12 03:00:00,121.08,45.42,159.75,0.3,6.1,64.65,16.46
2023-11-12 12:00:00,118.18,43.76,156.63,0.75,6.3,74.57,18.29
2023-11-12 21:00:00,120.21,47.26,159.0,1.11,6.37,57.67,17.63
2023-11-13 03:00:00,118.88,42.7,158.16,0.69,6.19,59.97,15.27
2023-11-13 12:00:00,119.76,44.63,156.64,0.88,6.16,60.01,17.3
2023-11-13 21:00:00,120.36,46.49,157.33,0.7,6.21,69.23,20.35
2023-11-14 03:00:00,120.15,47.0,156.91,0.37,6.2,63.2,18.3
2023-11-14 12:00:00,119.29,43.92,155.89,0.75,6.4,68.95,19.08
2023-11-14 21:00:00,121.91,44.86,156.05,0.49,6.42,62.36,19.97
2023-11-15 03:00:00,117.46,43.79,155.02,0.32,6.31,65.89,20.82
2023-11-15 12:00:00,121.1,46.36,154.01,0.7,6.12,69.27,17.12
2023-11-15 21:00:00,117.21,45.06,156.12,0.68,6.24,58.8,19.15
2023-11-16 03:00:00,120.57,44.36,156.85,0.42,6.35,65.38,18.96
2023-11-16 12:00:00,118.67,45.28,157.23,0.64,6.29,57.43,17.92
2023-11-16 21:00:00,121.32,43.06,154.13,0.36,6.29,63.46,19.67
2023-11-17 03:00:00,120.13,43.32,157.3,1.11,6.21,62.14,23.12
2023-11-17 12:00:00,120.37,44.9,156.45,0.67,6.31,60.73,21.09
2023-11-17 21:00:00,118.47,45.93,156.12,0.54,6.44,64.87,20.63
2023-11-18 03:00:00,119.02,44.29,153.59,0.65,6.27,64.81,20.14
2023-11-18 12:00:00,120.31,44.88,153.52,0.81,6.24,64.18,20.81
2023-11-18 21:00:00,120.88,43.4,151.82,0.81,6.21,67.73,18.41
2023-11-19 03:00:00,124.39,46.29,153.79,0.44,6.18,72.98,19.04
2023-11-19 12:00:00,120.33,45.31,152.94,0.74,6.41,58.74,19.05
2023-11-19 21:00:00,121.46,45.78,153.3,0.63,6.39,67.01,17.9
2023-11-20 03:00:00,117.66,46.12,151.98,0.97,6.37,67.75,21.03
2023-11-20 12:00:00,118.01,44.07,153.28,0.65,6.32,60.89,21.54
2023-11-20 21:00:00,119.47,43.92,152.69,0.6,6.43,64.39,23.0
2023-11-21 03:00:00,118.2,42.12,150.82,0.58,6.45,59.43,15.1
2023-11-21 12:00:00,122.23,43.75,151.67,0.5,6.16,64.12,16.38
2023-11-21 21:00:00,119.38,44.88,151.85,0.4,6.26,62.95,16.17
2023-11-22 03:00:00,122.07,45.29,153.4,0.43,6.25,57.25,19.68
2023-11-22 12:00:00,122.23,44.4,151.14,0.78,6.36,66.65,21.07
2023-11-22 21:00:00,120.06,43.96,149.79,0.6,6.36,73.1,20.71
2023-11-23 03:00:00,120.75,45.08,150.15,0.34,6.23,55.41,21.86
2023-11-23 12:00:00,119.92,44.44,150.25,0.44,6.08,58.95,17.28
2023-11-23 21:00:00,120.81,43.32,149.97,0.73,6.17,70.81,20.99
2023-11-24 03:00:00,120.73,43.8,148.07,1.03,6.1,57.74,17.58
2023-11-24 12:00:00,119.81,44.21,149.65,1.0,6.25,55.94,16.04
2023-11-24 21:00:00,120.76,42.73,149.27,0.44,6.25,60.35,17.54
2023-11-25 03:00:00,122.59,40.97,149.73,0.62,6.37,75.22,17.81
2023-11-25 12:00:00,121.07,44.62,152.23,0.57,6.42,62.06,20.14
2023-11-25 21:00:00,120.49,42.76,149.13,0.65,6.33,55.45,18.53
2023-11-26 03:00:00,120.19,44.72,151.51,0.82,6.33,63.11,18.83
2023-11-26 12:00:00,118.48,44.42,151.22,0.67,6.54,60.28,17.56
2023-11-26 21:00:00,118.46,43.55,150.72,0.74,6.37,67.56,17.93
2023-11-27 03:00:00,120.49,45.58,150.0,0.45,6.34,65.26,19.06
2023-11-27 12:00:00,117.95,44.34,150.69,0.61,6.46,56.2,19.45
2023-11-27 21:00:00,118.85,43.23,149.53,0.91,6.34,64.42,19.91
2023-11-28 03:00:00,121.92,45.27,149.43,0.81,6.34,57.28,16.46
2023-11-28 12:00:00,122.87,42.38,149.21,1.04,6.3,63.17,20.45
2023-11-28 21:00:00,117.5,40.84,150.29,0.64,6.36,70.92,19.67
2023-11-29 03:00:00,122.44,43.09,149.78,0.66,6.29,63.49,16.59
2023-11-29 12:00:00,119.68,44.43,149.75,0.87,6.33,56.28,20.67
2023-11-29 21:00:00,119.98,43.86,151.49,0.47,6.25,68.82,14.87
2023-11-30 03:00:00,119.83,43.08,149.26,0.46,6.45,56.67,17.99
2023-11-30 12:00:00,121.62,44.08,150.77,0.49,6.32,68.67,18.83
2023-11-30 21:00:00,117.59,42.49,149.45,0.98,6.34,65.62,17.91
2023-12-01 03:00:00,128.75,45.76,159.24,0.58,6.22,60.0,18.05
2023-12-01 12:00:00,126.3,46.39,159.18,0.8,6.32,69.49,25.0
2023-12-01 21:00:00,128.2,46.18,159.84,0.99,6.5,72.51,18.64
2023-12-02 03:00:00,129.26,45.85,160.73,0.42,6.41,61.35,18.48
2023-12-02 12:00:00,126.56,46.72,160.56,0.82,6.29,64.59,20.59
2023-12-02 21:00:00,126.71,48.17,159.34,0.79,6.32,64.01,19.67
2023-12-03 03:00:00,126.53,46.49,160.02,0.94,6.32,74.42,21.21
2023-12-03 12:00:00,124.34,45.81,159.21,1.04,6.31,70.17,21.31
2023-12-03 21:00:00,127.42,46.18,158.6,0.36,6.34,54.67,19.44
2023-12-04 03:00:00,127.41,46.47,159.57,0.85,6.49,59.72,21.38
2023-12-04 12:00:00,125.41,47.25,159.74,0.44,6.3,61.7,18.63
2023-12-04 21:00:00,124.08,47.45,159.3,1.35,6.28,59.34,18.51
2023-12-05 03:00:00,122.79,48.47,157.73,0.64,6.25,60.65,20.02
2023-12-05 12:00:00,122.23,45.99,158.53,0.54,6.31,69.55,18.63
2023-12-05 21:00:00,125.43,47.08,155.5,0.44,6.61,69.37,20.55
2023-12-06 03:00:00,124.6,46.32,157.68,0.78,6.51,61.21,21.08
2023-12-06 12:00:00,122.13,45.43,157.62,0.53,6.44,65.18,16.51
2023-12-06 21:00:00,119.47,46.45,157.09,0.92,6.48,58.23,20.51
2023-12-07 03:00:00,117.21,44.1,156.44,0.77,6.31,70.99,18.07
2023-12-07 12:00:00,119.39,45.98,157.84,0.86,6.33,68.39,21.34
2023-12-07 21:00:00,120.39,46.27,156.15,0.61,6.5,62.99,18.97
2023-12-08 03:00:00,122.35,46.03,155.92,0.94,6.38,61.76,22.79
2023-12-08 12:00:00,119.02,45.51,155.52,0.89,6.35,61.12,20.61
2023-12-08 21:00:00,120.76,46.75,156.68,0.96,6.51,70.43,20.94
2023-12-09 03:00:00,121.95,45.66,155.09,0.44,6.25,70.48,20.35
2023-12-09 12:00:00,120.19,45.28,154.28,0.76,6.5,67.85,18.32
2023-12-09 21:00:00,119.79,46.13,154.8,0.68,6.43,65.08,20.62
2023-12-10 03:00:00,118.04,45.75,156.53,0.98,6.32,67.62,17.77
2023-12-10 12:00:00,118.2,47.04,154.22,0.6,6.38,64.01,16.76
2023-12-10 21:00:00,120.62,46.5,154.93,0.82,6.44,59.03,21.42
2023-12-11 03:00:00,119.7,47.16,153.69,0.69,6.35,73.79,18.3
2023-12-11 12:00:00,120.18,45.07,153.42,0.98,6.48,73.22,20.81
2023-12-11 21:00:00,119.93,45.37,152.88,0.85,6.32,72.62,21.32
2023-12-12 03:00:00,121.0,45.73,152.03,0.47,6.44,60.4,21.4
2023-12-12 12:00:00,118.82,46.25,152.97,1.13,6.27,69.09,18.68
2023-12-12 21:00:00,119.5,47.52,153.57,1.26,6.35,70.48,21.17
2023-12-13 03:00:00,122.84,43.27,154.17,0.94,6.41,64.94,18.09
2023-12-13 12:00:00,118.8,44.75,152.69,1.03,6.36,64.52,23.44
2023-12-13 21:00:00,119.58,46.47,151.12,0.69,6.27,71.81,15.87
2023-12-14 03:00:00,119.12,45.92,152.45,0.88,6.53,62.41,22.92
2023-12-14 12:00:00,120.67,43.71,151.76,1.18,6.49,70.37,20.04
2023-12-14 21:00:00,121.53,44.24,152.54,1.19,6.35,66.45,18.15
2023-12-15 03:00:00,119.25,44.35,153.05,0.84,6.46,59.34,20.0
2023-12-15 12:00:00,119.35,44.97,151.82,0.86,6.31,58.48,20.73
2023-12-15 21:00:00,119.58,44.99,149.87,0.75,6.6,61.67,19.26
2023-12-16 03:00:00,120.79,46.11,149.86,0.8,6.35,71.33,21.93
2023-12-16 12:00:00,118.89,46.98,151.22,0.96,6.6,66.95,21.12
2023-12-16 21:00:00,119.44,45.71,149.47,0.81,6.53,66.36,19.79
2023-12-17 03:00:00,116.44,45.39,149.85,0.98,6.43,69.34,20.93
2023-12-17 12:00:00,117.93,44.87,150.67,0.97,6.23,56.74,19.4
2023-12-17 21:00:00,119.83,44.58,151.12,1.01,6.32,75.5,25.98
2023-12-18 03:00:00,121.35,45.1,150.23,1.12,6.4,67.83,25.37
2023-12-18 12:00:00,120.44,44.85,146.96,1.13,6.4,64.65,24.14
2023-12-18 21:00:00,118.35,46.47,150.36,0.87,6.4,71.48,22.31
2023-12-19 03:00:00,117.9,46.71,149.67,0.92,6.24,71.47,17.61
2023-12-19 12:00:00,120.26,43.98,148.98,0.91,6.64,63.73,17.74
2023-12-19 21:00:00,117.52,42.92,150.03,0.64,6.46,71.23,23.03
2023-12-20 03:00:00,121.6,44.1,151.18,0.77,6.44,66.49,20.71
2023-12-20 12:00:00,120.1,42.94,148.81,1.11,6.31,61.13,22.45
2023-12-20 21:00:00,117.59,45.93,151.67,1.07,6.5,68.54,22.61
2023-12-21 03:00:00,118.55,45.82,151.03,0.68,6.36,63.72,19.99
2023-12-21 12:00:00,118.91,45.77,150.98,1.09,6.38,60.39,20.72
2023-12-21 21:00:00,118.84,45.7,149.14,1.41,6.45,65.12,25.56
2023-12-22 03:00:00,117.77,45.57,149.74,1.18,6.6,67.75,20.42
2023-12-22 12:00:00,118.69,46.2,149.6,0.82,6.61,69.82,23.91
2023-12-22 21:00:00,118.97,44.98,150.0,1.05,6.3,69.5,20.87
2023-12-23 03:00:00,118.93,45.19,149.93,0.51,6.46,68.89,21.53
2023-12-23 12:00:00,121.69,44.52,149.67,0.62,6.49,73.92,21.06
2023-12-23 21:00:00,120.16,45.51,149.81,0.5,6.55,74.28,23.34
2023-12-24 03:00:00,118.51,42.17,149.78,0.69,6.46,71.8,19.95
2023-12-24 12:00:00,119.5,45.45,150.28,0.93,6.45,74.63,21.93
2023-12-24 21:00:00,118.68,45.46,148.27,0.81,6.56,61.62,17.29
2023-12-25 03:00:00,119.55,46.51,150.51,1.12,6.58,66.4,20.29
2023-12-25 12:00:00,121.31,43.12,151.78,0.59,6.58,69.54,20.84
2023-12-25 21:00:00,120.38,44.74,151.13,0.97,6.39,70.92,20.85
2023-12-26 03:00:00,123.43,44.32,149.01,0.99,6.42,70.07,19.73
2023-12-26 12:00:00,120.56,42.88,151.1,1.0,6.42,61.59,16.89
2023-12-26 21:00:00,118.63,45.75,152.4,0.93,6.48,71.85,22.53
2023-12-27 03:00:00,121.21,44.89,149.75,1.05,6.53,63.34,21.68
2023-12-27 12:00:00,121.62,45.18,150.76,0.74,6.54,75.35,21.78
2023-12-27 21:00:00,121.64,42.45,152.41,1.01,6.52,72.81,23.32
2023-12-28 03:00:00,118.36,43.2,151.08,1.02,6.5,75.71,18.36
2023-12-28 12:00:00,119.78,43.77,151.63,1.0,6.48,69.92,17.46
2023-12-28 21:00:00,121.7,43.76,148.85,0.97,6.54,70.0,24.33
2023-12-29 03:00:00,117.47,42.01,150.25,0.89,6.53,77.55,19.82
2023-12-29 12:00:00,119.25,43.38,150.41,1.03,6.58,71.25,22.09
2023-12-29 21:00:00,117.86,44.01,150.59,1.07,6.65,65.0,20.41
2023-12-30 03:00:00,118.6,43.76,150.83,1.01,6.45,63.32,19.56
2023-12-30 12:00:00,118.48,44.43,150.16,1.02,6.44,77.63,19.59
2023-12-30 21:00:00,121.88,43.73,148.62,0.82,6.53,73.46,20.31
2023-12-31 03:00:00,119.65,42.64,151.12,1.01,6.46,56.16,25.01
2023-12-31 12:00:00,118.7,43.92,150.4,1.04,6.62,81.29,26.31
2023-12-31 21:00:00,118.45,44.37,148.76,0.95,6.32,67.97,23.53
